,Week,Year,Name,Team,Games,Rush Att,Rush Yards,Rush TD,Rec Targets,Rec Comp,Rec Yards,Rec TD,Fantasy PTS,FanPPG
0,1,2015,Carlos Hyde,SF,1,26,168,2,2,2,14,0,30.2,30.2
1,1,2015,Matt Forte,CHI,1,24,141,1,8,5,25,0,22.6,22.6
2,1,2015,Chris Ivory,NYJ,1,20,91,2,1,1,9,0,22,22
3,1,2015,Bishop Sankey,TEN,1,12,74,1,4,2,12,1,20.6,20.6
4,1,2015,Jeremy Hill,CIN,1,19,63,2,0,0,0,0,18.3,18.3
5,1,2015,Danny Woodhead,SD,1,12,42,2,7,4,20,0,18.2,18.2
6,1,2015,Jamaal Charles,KC,1,16,57,0,8,5,46,1,16.3,16.3
7,1,2015,Eddie Lacy,GB,1,19,85,1,3,2,14,0,15.9,15.9
8,1,2015,Ameer Abdullah,DET,1,7,50,1,4,4,44,0,15.4,15.4
9,1,2015,Marcel Reece,OAK,1,0,0,0,4,3,26,2,14.6,14.6
10,1,2015,DeMarco Murray,PHI,1,8,9,1,5,4,11,1,14,14
11,1,2015,DeAngelo Williams,PIT,1,21,127,0,1,1,5,0,13.2,13.2
12,1,2015,Darren Sproles,PHI,1,5,50,0,9,7,76,0,12.6,12.6
13,1,2015,Benny Cunningham,STL,1,16,45,0,7,4,77,0,12.2,12.2
14,1,2015,Mark Ingram,NO,1,9,24,0,9,8,98,0,12.2,12.2
15,1,2015,Alfred Morris,WAS,1,25,121,0,0,0,0,0,12.1,12.1
16,1,2015,Dion Lewis,NE,1,15,69,0,5,4,51,0,12,12
17,1,2015,Andre Ellington,ARI,1,12,69,1,3,1,7,0,11.6,11.6
18,1,2015,David Johnson,ARI,1,0,0,0,2,1,55,1,11.5,11.5
19,1,2015,Karlos Williams,BUF,1,6,55,1,0,0,0,0,11.5,11.5
20,1,2015,Rashad Jennings,NYG,1,13,52,1,0,0,0,0,11.2,11.2
21,1,2015,Joseph Randle,DAL,1,16,65,0,3,3,42,0,10.7,10.7
22,1,2015,Marshawn Lynch,SEA,1,18,73,0,7,5,31,0,10.4,10.4
23,1,2015,Theo Riddick,DET,1,0,0,0,2,2,37,1,9.7,9.7
24,1,2015,Giovani Bernard,CIN,1,8,63,0,6,6,25,0,8.8,8.8
25,1,2015,Ryan Mathews,PHI,1,3,4,1,4,3,24,0,8.8,8.8
26,1,2015,LeSean McCoy,BUF,1,17,41,0,4,3,46,0,8.7,8.7
27,1,2015,Jonathan Stewart,CAR,1,18,56,0,4,4,25,0,8.1,8.1
28,1,2015,Tevin Coleman,ATL,1,20,80,0,0,0,0,0,8,8
29,1,2015,Latavius Murray,OAK,1,11,44,0,7,7,36,0,8,8
30,1,2015,Bilal Powell,NYJ,1,12,62,0,4,2,16,0,7.8,7.8
31,1,2015,Lamar Miller,MIA,1,13,53,0,1,1,22,0,7.5,7.5
32,1,2015,Lance Dunbar,DAL,1,0,0,0,9,8,70,0,7,7
33,1,2015,Khiry Robinson,NO,1,8,19,0,6,5,51,0,7,7
34,1,2015,Will Johnson,PIT,1,4,7,1,0,0,0,0,6.7,6.7
35,1,2015,T.J. Yeldon,JAC,1,12,51,0,4,3,16,0,6.7,6.7
36,1,2015,Anthony Dixon,BUF,1,3,1,1,0,0,0,0,6.1,6.1
37,1,2015,Shane Vereen,NYG,1,3,14,0,5,4,46,0,6,6
38,1,2015,Justin Forsett,BAL,1,14,43,0,7,4,13,0,5.6,5.6
39,1,2015,Doug Martin,TB,1,11,52,0,1,1,2,0,5.4,5.4
40,1,2015,Adrian Peterson,MIN,1,10,31,0,3,3,21,0,5.2,5.2
41,1,2015,Alfred Blue,HOU,1,9,42,0,2,1,7,0,4.9,4.9
42,1,2015,C.J. Anderson,DEN,1,12,29,0,8,4,19,0,4.8,4.8
43,1,2015,Devonta Freeman,ATL,1,10,18,0,4,3,29,0,4.7,4.7
44,1,2015,Melvin Gordon,SD,1,14,51,0,3,3,16,0,4.7,4.7
45,1,2015,Denard Robinson,JAC,1,5,19,0,2,2,26,0,4.5,4.5
46,1,2015,Joique Bell,DET,1,6,14,0,2,2,27,0,4.1,4.1
47,1,2015,Ronnie Hillman,DEN,1,12,41,0,0,0,0,0,4.1,4.1
48,1,2015,Chris Johnson,ARI,1,10,37,0,0,0,0,0,3.7,3.7
49,1,2015,Darren McFadden,DAL,1,6,16,0,1,1,19,0,3.5,3.5
50,1,2015,Charles Sims,TB,1,5,12,0,5,2,23,0,3.5,3.5
51,1,2015,Javorius Allen,BAL,1,9,30,0,1,1,4,0,3.4,3.4
52,1,2015,Isaiah Crowell,CLE,1,12,20,0,2,2,13,0,3.3,3.3
53,1,2015,Matt Asiata,MIN,1,1,4,0,2,2,28,0,3.2,3.2
54,1,2015,Frank Gore,IND,1,8,31,0,3,2,0,0,3.1,3.1
55,1,2015,Chris Polk,HOU,1,5,22,0,1,1,9,0,3.1,3.1
56,1,2015,Jonathan Grimes,HOU,1,6,28,0,2,1,2,0,3,3
57,1,2015,Fred Jackson,SEA,1,3,13,0,1,1,16,0,2.9,2.9
58,1,2015,Knile Davis,KC,1,6,16,0,1,1,12,0,2.8,2.8
59,1,2015,Matt Jones,WAS,1,6,28,0,0,0,0,0,2.8,2.8
60,1,2015,Jerick McKinnon,MIN,1,3,20,0,2,2,8,0,2.8,2.8
61,1,2015,Jamize Olawale,OAK,1,1,6,0,3,3,19,0,2.5,2.5
62,1,2015,Rex Burkhead,CIN,1,0,0,0,1,1,24,0,2.4,2.4
63,1,2015,Duke Johnson,CLE,1,7,22,0,0,0,0,0,2.2,2.2
64,1,2015,Branden Oliver,SD,1,2,4,0,1,1,17,0,2.1,2.1
65,1,2015,Terrance West,TEN,1,13,41,0,0,0,0,0,2.1,2.1
66,1,2015,Tyler Varga,IND,1,1,2,0,1,1,18,0,2,2
67,1,2015,Taiwan Jones,OAK,1,3,5,0,1,1,13,0,1.8,1.8
68,1,2015,Mike Tolbert,CAR,1,1,12,0,2,1,6,0,1.8,1.8
69,1,2015,Kyle Juszczyk,BAL,1,0,0,0,4,4,17,0,1.7,1.7
70,1,2015,Jacquizz Rodgers,CHI,1,4,16,0,0,0,0,0,1.6,1.6
71,1,2015,Bobby Rainey,TB,1,3,10,0,1,1,4,0,1.4,1.4
72,1,2015,Andre Williams,NYG,1,6,14,0,0,0,0,0,1.4,1.4
73,1,2015,Brandon Bolden,NE,1,5,1,0,2,1,12,0,1.3,1.3
74,1,2015,Josh Robinson,IND,1,4,11,0,0,0,0,0,1.1,1.1
75,1,2015,De'Anthony Thomas,KC,1,1,9,0,2,1,2,0,1.1,1.1
76,1,2015,Chris Thompson,WAS,1,3,11,0,0,0,0,0,1.1,1.1
77,1,2015,Austin Johnson,NO,1,1,4,0,0,2,5,0,0.9,0.9
78,1,2015,Reggie Bush,SF,1,2,8,0,0,0,0,0,0.8,0.8
79,1,2015,Dexter McCluster,TEN,1,2,8,0,0,0,0,0,0.8,0.8
80,1,2015,Zach Zenner,DET,1,2,6,0,0,0,0,0,0.6,0.6
81,1,2015,Corey Grant,JAC,1,0,0,0,1,1,5,0,0.5,0.5
82,1,2015,Thomas Rawls,SEA,1,2,5,0,0,0,0,0,0.5,0.5
83,1,2015,Fozzy Whittaker,CAR,1,2,2,0,2,2,3,0,0.5,0.5
84,1,2015,Shaun Draughn,CLE,1,1,4,0,0,0,0,0,0.4,0.4
85,1,2015,Bernard Pierce,JAC,1,0,0,0,2,1,4,0,0.4,0.4
86,1,2015,Damien Williams,MIA,1,1,0,0,1,1,3,0,0.3,0.3
87,1,2015,Tommy Bohanon,NYJ,1,2,2,0,0,0,0,0,0.2,0.2
88,1,2015,Derrick Coleman,SEA,1,1,2,0,0,0,0,0,0.2,0.2
89,1,2015,James Starks,GB,1,2,2,0,0,0,0,0,0.2,0.2
90,1,2015,Jeremy Langford,CHI,1,1,1,0,0,0,0,0,0.1,0.1
91,1,2015,Jarryd Hayne,SF,1,4,13,0,1,1,7,0,0,0
92,1,2015,Jorvorskie Lane,TB,1,1,0,0,0,0,0,0,0,0
93,1,2015,Anthony Sherman,KC,1,0,0,0,1,1,0,0,0,0
94,1,2015,Darrel Young,WAS,1,0,0,0,1,1,0,0,0,0
95,1,2015,Isaiah Pead,STL,1,2,3,0,0,0,0,0,-1.7,-1.7
96,2,2015,DeAngelo Williams,PIT,1,20,77,3,5,4,15,0,27.2,27.2
97,2,2015,Matt Jones,WAS,1,19,123,2,3,3,23,0,24.6,24.6
98,2,2015,Dion Lewis,NE,1,7,40,1,9,6,98,0,17.8,17.8
99,2,2015,Adrian Peterson,MIN,1,29,134,0,2,2,58,0,17.2,17.2
100,2,2015,Jamaal Charles,KC,1,21,125,1,5,4,2,0,14.7,14.7
101,2,2015,Latavius Murray,OAK,1,15,65,1,3,3,22,0,14.7,14.7
102,2,2015,Giovani Bernard,CIN,1,20,123,0,3,3,16,0,13.9,13.9
103,2,2015,Isaiah Crowell,CLE,1,15,72,1,0,0,0,0,13.2,13.2
104,2,2015,Dexter McCluster,TEN,1,10,98,0,4,4,26,0,12.4,12.4
105,2,2015,Devonta Freeman,ATL,1,12,25,1,8,4,34,0,11.9,11.9
106,2,2015,LeSean McCoy,BUF,1,15,89,0,3,3,27,0,11.6,11.6
107,2,2015,Lorenzo Taliaferro,BAL,1,7,34,1,3,3,12,0,10.6,10.6
108,2,2015,Matt Forte,CHI,1,15,61,0,5,4,44,0,10.5,10.5
109,2,2015,David Johnson,ARI,1,5,42,1,2,1,3,0,10.5,10.5
110,2,2015,Danny Woodhead,SD,1,7,36,0,6,6,68,0,10.4,10.4
111,2,2015,Melvin Gordon,SD,1,16,88,0,1,1,10,0,9.8,9.8
112,2,2015,Mark Ingram,NO,1,16,53,1,3,3,5,0,9.8,9.8
113,2,2015,Karlos Williams,BUF,1,6,21,1,3,2,16,0,9.7,9.7
114,2,2015,Shane Vereen,NYG,1,6,19,0,8,8,76,0,9.5,9.5
115,2,2015,Tevin Coleman,ATL,1,9,32,1,1,0,0,0,9.2,9.2
116,2,2015,James Starks,GB,1,20,95,0,4,4,11,0,8.6,8.6
117,2,2015,T.J. Yeldon,JAC,1,25,70,0,4,3,13,0,8.3,8.3
118,2,2015,Jeremy Langford,CHI,1,6,21,1,0,0,0,0,8.1,8.1
119,2,2015,Justin Forsett,BAL,1,15,68,0,4,4,12,0,8,8
120,2,2015,Damien Williams,MIA,1,2,5,0,4,3,15,1,8,8
121,2,2015,Doug Martin,TB,1,21,78,0,2,2,20,0,7.8,7.8
122,2,2015,Chris Johnson,ARI,1,20,72,0,1,0,0,0,7.2,7.2
123,2,2015,Alfred Morris,WAS,1,18,59,0,2,2,13,0,7.2,7.2
124,2,2015,Knile Davis,KC,1,3,9,1,1,0,0,0,6.9,6.9
125,2,2015,Joseph Randle,DAL,1,18,51,0,1,1,14,0,6.5,6.5
126,2,2015,Marshawn Lynch,SEA,1,15,41,0,6,3,21,0,6.2,6.2
127,2,2015,Carlos Hyde,SF,1,13,43,0,4,4,18,0,6.1,6.1
128,2,2015,Austin Johnson,NO,1,1,1,1,1,0,0,0,6.1,6.1
129,2,2015,Zach Line,MIN,1,1,1,1,0,0,0,0,6.1,6.1
130,2,2015,Chris Ivory,NYJ,1,14,57,0,2,2,3,0,6,6
131,2,2015,Jonathan Stewart,CAR,1,17,62,0,1,1,-3,0,5.9,5.9
132,2,2015,Khiry Robinson,NO,1,5,48,0,1,1,9,0,5.7,5.7
133,2,2015,Fred Jackson,SEA,1,0,0,0,2,2,16,1,5.6,5.6
134,2,2015,DeMarco Murray,PHI,1,13,2,0,5,5,53,0,5.5,5.5
135,2,2015,Bilal Powell,NYJ,1,12,38,0,5,4,16,0,5.4,5.4
136,2,2015,Lance Dunbar,DAL,1,1,8,0,5,3,45,0,5.3,5.3
137,2,2015,Darren McFadden,DAL,1,10,31,0,2,2,21,0,5.2,5.2
138,2,2015,Charles Sims,TB,1,8,38,0,3,3,14,0,5.2,5.2
139,2,2015,Jonathan Grimes,HOU,1,2,7,0,7,6,40,0,4.7,4.7
140,2,2015,Chris Polk,HOU,1,14,38,0,8,2,9,0,4.7,4.7
141,2,2015,Duke Johnson,CLE,1,12,43,0,0,0,0,0,4.3,4.3
142,2,2015,Andre Williams,NYG,1,6,43,0,0,0,0,0,4.3,4.3
143,2,2015,Lamar Miller,MIA,1,10,14,0,6,5,28,0,4.2,4.2
144,2,2015,Bishop Sankey,TEN,1,12,42,0,2,0,0,0,4.2,4.2
145,2,2015,Frank Gore,IND,1,15,57,0,1,1,4,0,4.1,4.1
146,2,2015,Josh Robinson,IND,1,5,12,0,5,5,27,0,3.9,3.9
147,2,2015,Mike Tolbert,CAR,1,5,31,0,3,2,4,0,3.5,3.5
148,2,2015,Ronnie Hillman,DEN,1,9,34,0,1,0,0,0,3.4,3.4
149,2,2015,Tre Mason,STL,1,7,26,0,5,2,4,0,3,3
150,2,2015,C.J. Anderson,DEN,1,12,27,0,1,1,2,0,2.9,2.9
151,2,2015,Benny Cunningham,STL,1,1,0,0,6,4,27,0,2.7,2.7
152,2,2015,Theo Riddick,DET,1,1,5,0,6,5,41,0,2.6,2.6
153,2,2015,C.J. Spiller,NO,1,3,7,0,1,1,19,0,2.6,2.6
154,2,2015,Rashad Jennings,NYG,1,9,12,0,2,2,12,0,2.4,2.4
155,2,2015,Jalston Fowler,TEN,1,1,3,0,1,1,19,0,2.2,2.2
156,2,2015,Patrick DiMarco,ATL,1,0,0,0,1,1,19,0,1.9,1.9
157,2,2015,Darren Sproles,PHI,1,1,-4,0,4,4,23,0,1.9,1.9
158,2,2015,Ameer Abdullah,DET,1,6,9,0,1,1,9,0,1.8,1.8
159,2,2015,Joique Bell,DET,1,4,2,0,2,2,16,0,1.8,1.8
160,2,2015,Mike Davis,SF,1,7,14,0,4,2,4,0,1.8,1.8
161,2,2015,Marcel Reece,OAK,1,0,0,0,2,1,16,0,1.6,1.6
162,2,2015,Taiwan Jones,OAK,1,2,9,0,1,1,6,0,1.5,1.5
163,2,2015,Kyle Juszczyk,BAL,1,0,0,0,1,1,11,0,1.1,1.1
164,2,2015,Jordan Todman,PIT,1,1,11,0,0,0,0,0,1.1,1.1
165,2,2015,Alfred Blue,HOU,1,5,6,0,1,1,4,0,1,1
166,2,2015,Chris Thompson,WAS,1,0,0,0,1,1,10,0,1,1
167,2,2015,Eddie Lacy,GB,1,3,9,0,0,0,0,0,0.9,0.9
168,2,2015,Denard Robinson,JAC,1,1,9,0,0,0,0,0,0.9,0.9
169,2,2015,Terron Ward,ATL,1,0,0,0,1,1,9,0,0.9,0.9
170,2,2015,Matt Asiata,MIN,1,2,8,0,0,0,0,0,0.8,0.8
171,2,2015,Rex Burkhead,CIN,1,0,0,0,2,1,8,0,0.8,0.8
172,2,2015,Bobby Rainey,TB,1,0,0,0,1,1,8,0,0.8,0.8
173,2,2015,Jacquizz Rodgers,CHI,1,2,8,0,0,0,0,0,0.8,0.8
174,2,2015,Javorius Allen,BAL,1,1,5,0,1,1,2,0,0.7,0.7
175,2,2015,Bruce Miller,SF,1,0,0,0,2,1,7,0,0.7,0.7
176,2,2015,Jerick McKinnon,MIN,1,3,6,0,0,0,0,0,0.6,0.6
177,2,2015,LeGarrette Blount,NE,1,2,4,0,0,0,0,0,0.4,0.4
178,2,2015,Bernard Pierce,JAC,1,3,4,0,0,0,0,0,0.4,0.4
179,2,2015,Jay Prosch,HOU,1,1,4,0,0,0,0,0,0.4,0.4
180,2,2015,Brandon Bolden,NE,1,1,1,0,1,1,2,0,0.3,0.3
181,2,2015,Jarryd Hayne,SF,1,2,3,0,0,0,0,0,0.3,0.3
182,2,2015,Fozzy Whittaker,CAR,1,1,3,0,0,0,0,0,0.3,0.3
183,2,2015,Kerwynn Williams,ARI,1,1,3,0,0,0,0,0,0.3,0.3
184,2,2015,Michael Burton,DET,1,1,2,0,0,0,0,0,0.2,0.2
185,2,2015,Travaris Cadet,NE,1,0,0,0,1,1,2,0,0.2,0.2
186,2,2015,Branden Oliver,SD,1,1,2,0,0,0,0,0,0.2,0.2
187,2,2015,Corey Grant,JAC,1,1,1,0,0,0,0,0,0.1,0.1
188,2,2015,Jeremy Hill,CIN,1,10,39,0,1,1,2,0,0.1,0.1
189,2,2015,Derrick Coleman,SEA,1,0,0,0,1,1,0,0,0,0
190,2,2015,Ryan Mathews,PHI,1,1,0,0,0,0,0,0,0,0
191,2,2015,De'Anthony Thomas,KC,1,0,0,0,4,2,20,0,0,0
192,2,2015,Terrance West,TEN,1,3,10,0,0,0,0,0,-1,-1
193,3,2015,Devonta Freeman,ATL,1,30,141,3,5,5,52,0,37.3,37.3
194,3,2015,Joseph Randle,DAL,1,14,87,3,2,2,18,0,28.5,28.5
195,3,2015,LeGarrette Blount,NE,1,18,78,3,1,1,14,0,27.2,27.2
196,3,2015,Chris Johnson,ARI,1,22,110,2,2,1,40,0,27,27
197,3,2015,Jamaal Charles,KC,1,11,49,3,7,5,33,0,26.2,26.2
198,3,2015,Adrian Peterson,MIN,1,20,126,2,0,0,0,0,24.6,24.6
199,3,2015,Frank Gore,IND,1,14,86,2,2,1,8,0,21.4,21.4
200,3,2015,Latavius Murray,OAK,1,26,139,1,1,1,10,0,20.9,20.9
201,3,2015,Alfred Blue,HOU,1,31,139,1,0,0,0,0,19.9,19.9
202,3,2015,Le'Veon Bell,PIT,1,19,62,1,8,7,70,0,19.2,19.2
203,3,2015,Karlos Williams,BUF,1,12,110,1,0,0,0,0,17,17
204,3,2015,Ryan Mathews,PHI,1,25,108,0,4,2,20,1,16.8,16.8
205,3,2015,Mark Ingram,NO,1,14,50,1,5,5,49,0,15.9,15.9
206,3,2015,Chris Thompson,WAS,1,2,29,0,11,8,57,1,14.6,14.6
207,3,2015,Dion Lewis,NE,1,8,37,1,5,5,30,0,12.7,12.7
208,3,2015,Antonio Andrews,TEN,1,12,49,1,2,1,12,0,12.1,12.1
209,3,2015,Charles Sims,TB,1,6,11,0,2,2,41,1,11.2,11.2
210,3,2015,Lance Dunbar,DAL,1,1,5,0,10,10,100,0,10.5,10.5
211,3,2015,Thomas Rawls,SEA,1,16,104,0,1,0,0,0,10.4,10.4
212,3,2015,Ameer Abdullah,DET,1,8,23,0,5,2,19,1,10.2,10.2
213,3,2015,Darren Sproles,PHI,1,11,17,1,6,4,19,0,9.6,9.6
214,3,2015,Darren McFadden,DAL,1,6,35,1,0,0,0,0,9.5,9.5
215,3,2015,Andre Williams,NYG,1,14,29,1,0,0,0,0,8.9,8.9
216,3,2015,Eddie Lacy,GB,1,10,46,0,3,3,41,0,8.7,8.7
217,3,2015,LeSean McCoy,BUF,1,11,16,0,3,1,10,1,8.6,8.6
218,3,2015,Giovani Bernard,CIN,1,13,49,0,4,3,34,0,8.3,8.3
219,3,2015,Khiry Robinson,NO,1,7,12,1,2,2,8,0,8,8
220,3,2015,Ronnie Hillman,DEN,1,7,13,1,1,1,3,0,7.6,7.6
221,3,2015,Bilal Powell,NYJ,1,10,31,0,8,7,44,0,7.5,7.5
222,3,2015,Matt Forte,CHI,1,20,74,0,3,0,0,0,7.4,7.4
223,3,2015,Jalston Fowler,TEN,1,4,9,1,0,0,0,0,6.9,6.9
224,3,2015,Theo Riddick,DET,1,0,0,0,10,8,66,0,6.6,6.6
225,3,2015,Lamar Miller,MIA,1,7,38,0,3,3,27,0,6.5,6.5
226,3,2015,Joique Bell,DET,1,10,6,1,1,1,-2,0,6.4,6.4
227,3,2015,Carlos Hyde,SF,1,15,51,0,1,1,10,0,6.1,6.1
228,3,2015,Zach Line,MIN,1,1,1,1,0,0,0,0,6.1,6.1
229,3,2015,Rashad Jennings,NYG,1,11,32,0,3,3,25,0,5.7,5.7
230,3,2015,Marcel Reece,OAK,1,1,1,0,2,1,55,0,5.6,5.6
231,3,2015,Jonathan Stewart,CAR,1,14,52,0,1,0,0,0,5.2,5.2
232,3,2015,Melvin Gordon,SD,1,14,51,0,1,0,0,0,5.1,5.1
233,3,2015,James Starks,GB,1,17,32,0,1,1,19,0,5.1,5.1
234,3,2015,Jonas Gray,MIA,1,9,49,0,0,0,0,0,4.9,4.9
235,3,2015,Doug Martin,TB,1,14,46,0,0,0,0,0,4.6,4.6
236,3,2015,Mike Tolbert,CAR,1,5,16,0,3,3,28,0,4.4,4.4
237,3,2015,Danny Woodhead,SD,1,5,11,0,4,3,32,0,4.3,4.3
238,3,2015,Dexter McCluster,TEN,1,5,7,0,2,1,35,0,4.2,4.2
239,3,2015,T.J. Yeldon,JAC,1,11,33,0,3,2,9,0,4.2,4.2
240,3,2015,David Johnson,ARI,1,7,25,0,3,3,16,0,4.1,4.1
241,3,2015,Bishop Sankey,TEN,1,5,10,0,2,2,31,0,4.1,4.1
242,3,2015,Jonathan Grimes,HOU,1,6,19,0,4,4,19,0,3.8,3.8
243,3,2015,Isaiah Crowell,CLE,1,10,36,0,0,0,0,0,3.6,3.6
244,3,2015,Duke Johnson,CLE,1,4,3,0,7,6,32,0,3.5,3.5
245,3,2015,James White,NE,1,2,8,0,4,4,26,0,3.4,3.4
246,3,2015,Tre Mason,STL,1,9,16,0,1,1,15,0,3.1,3.1
247,3,2015,Benny Cunningham,STL,1,1,12,0,2,2,18,0,3,3
248,3,2015,Justin Forsett,BAL,1,10,13,0,7,4,16,0,2.9,2.9
249,3,2015,C.J. Anderson,DEN,1,8,18,0,1,1,9,0,2.7,2.7
250,3,2015,Branden Oliver,SD,1,8,26,0,1,0,0,0,2.6,2.6
251,3,2015,C.J. Spiller,NO,1,1,4,0,2,2,22,0,2.6,2.6
252,3,2015,Jay Prosch,HOU,1,3,24,0,1,0,0,0,2.4,2.4
253,3,2015,Marshawn Lynch,SEA,1,5,14,0,1,1,9,0,2.3,2.3
254,3,2015,Shane Vereen,NYG,1,6,23,0,3,0,0,0,2.3,2.3
255,3,2015,Fred Jackson,SEA,1,2,13,0,2,2,9,0,2.2,2.2
256,3,2015,Damien Williams,MIA,1,2,17,0,3,1,5,0,2.2,2.2
257,3,2015,Jeremy Hill,CIN,1,12,21,0,0,0,0,0,2.1,2.1
258,3,2015,Jacquizz Rodgers,CHI,1,4,11,0,1,1,10,0,2.1,2.1
259,3,2015,Alfred Morris,WAS,1,6,19,0,0,0,0,0,1.9,1.9
260,3,2015,Matt Jones,WAS,1,11,38,0,0,0,0,0,1.8,1.8
261,3,2015,Jerick McKinnon,MIN,1,6,18,0,1,0,0,0,1.8,1.8
262,3,2015,Alonzo Harris,GB,1,2,17,0,0,0,0,0,1.7,1.7
263,3,2015,Taiwan Jones,OAK,1,2,16,0,0,0,0,0,1.6,1.6
264,3,2015,Matt Asiata,MIN,1,2,10,0,2,2,5,0,1.5,1.5
265,3,2015,Corey Grant,JAC,1,2,6,0,2,1,8,0,1.4,1.4
266,3,2015,Todd Gurley,STL,1,6,9,0,1,1,5,0,1.4,1.4
267,3,2015,Fozzy Whittaker,CAR,1,0,0,0,1,1,14,0,1.4,1.4
268,3,2015,Javorius Allen,BAL,1,3,12,0,0,0,0,0,1.2,1.2
269,3,2015,Roy Helu,OAK,1,0,0,0,1,1,12,0,1.2,1.2
270,3,2015,Mike Davis,SF,1,7,6,0,3,1,5,0,1.1,1.1
271,3,2015,Kyle Juszczyk,BAL,1,0,0,0,3,2,11,0,1.1,1.1
272,3,2015,Juwan Thompson,DEN,1,3,11,0,0,0,0,0,1.1,1.1
273,3,2015,Toby Gerhart,JAC,1,3,10,0,0,0,0,0,1,1
274,3,2015,Josh Robinson,IND,1,2,8,0,0,0,0,0,0.8,0.8
275,3,2015,Cameron Artis-Payne,CAR,1,3,6,0,0,0,0,0,0.6,0.6
276,3,2015,Lorenzo Taliaferro,BAL,1,3,0,0,1,1,6,0,0.6,0.6
277,3,2015,Stepfan Taylor,ARI,1,4,6,0,0,0,0,0,0.6,0.6
278,3,2015,Chris Polk,HOU,1,5,5,0,0,0,0,0,0.5,0.5
279,3,2015,De'Anthony Thomas,KC,1,1,-7,0,2,2,12,0,0.5,0.5
280,3,2015,Patrick DiMarco,ATL,1,0,0,0,1,1,4,0,0.4,0.4
281,3,2015,Austin Johnson,NO,1,2,4,0,0,0,0,0,0.4,0.4
282,3,2015,Bernard Pierce,JAC,1,1,1,0,3,2,3,0,0.4,0.4
283,3,2015,Shaun Draughn,CLE,1,0,0,0,1,1,2,0,0.2,0.2
284,3,2015,DeAngelo Williams,PIT,1,1,2,0,0,0,0,0,0.2,0.2
285,3,2015,Darrel Young,WAS,1,1,2,0,0,0,0,0,0.2,0.2
286,3,2015,Zac Stacy,NYJ,1,2,3,0,2,2,-2,0,0.1,0.1
287,3,2015,Anthony Dixon,BUF,1,5,-1,0,0,0,0,0,-0.1,-0.1
288,4,2015,Devonta Freeman,ATL,1,14,68,3,6,5,81,0,32.9,32.9
289,4,2015,Chris Ivory,NYJ,1,29,166,1,2,0,0,0,22.6,22.6
290,4,2015,Jeremy Hill,CIN,1,9,40,3,0,0,0,0,22,22
291,4,2015,Le'Veon Bell,PIT,1,22,129,1,7,7,21,0,21,21
292,4,2015,Doug Martin,TB,1,20,106,1,5,5,37,0,20.3,20.3
293,4,2015,Duke Johnson,CLE,1,8,31,0,10,9,85,1,17.6,17.6
294,4,2015,C.J. Spiller,NO,1,2,10,0,5,5,99,1,16.9,16.9
295,4,2015,Ronnie Hillman,DEN,1,11,103,1,1,1,5,0,16.8,16.8
296,4,2015,Todd Gurley,STL,1,19,146,0,2,2,15,0,16.1,16.1
297,4,2015,Adrian Peterson,MIN,1,16,81,1,6,4,13,0,15.4,15.4
298,4,2015,Rashad Jennings,NYG,1,9,38,0,2,2,54,1,15.2,15.2
299,4,2015,Justin Forsett,BAL,1,27,150,0,1,0,0,0,15,15
300,4,2015,Terron Ward,ATL,1,19,72,1,1,1,18,0,15,15
301,4,2015,Jamaal Charles,KC,1,11,75,0,6,6,70,0,14.5,14.5
302,4,2015,Danny Woodhead,SD,1,8,54,0,4,4,84,0,13.8,13.8
303,4,2015,Matt Forte,CHI,1,25,91,0,4,4,64,0,13.5,13.5
304,4,2015,Karlos Williams,BUF,1,18,40,0,4,3,30,1,13,13
305,4,2015,Mark Ingram,NO,1,17,77,0,7,6,51,0,12.8,12.8
306,4,2015,Isaiah Crowell,CLE,1,12,63,0,3,3,62,0,12.5,12.5
307,4,2015,Giovani Bernard,CIN,1,13,62,1,0,0,0,0,12.2,12.2
308,4,2015,David Johnson,ARI,1,3,18,0,10,4,63,1,12.1,12.1
309,4,2015,Charles Sims,TB,1,6,23,0,5,3,30,1,11.3,11.3
310,4,2015,Chris Polk,HOU,1,3,27,1,4,3,23,0,11,11
311,4,2015,T.J. Yeldon,JAC,1,22,105,0,3,2,4,0,10.9,10.9
312,4,2015,Roy Helu,OAK,1,5,22,0,2,2,13,1,9.5,9.5
313,4,2015,Chris Johnson,ARI,1,16,83,0,3,3,11,0,9.4,9.4
314,4,2015,Eddie Lacy,GB,1,18,90,0,3,1,3,0,9.3,9.3
315,4,2015,Joseph Randle,DAL,1,11,26,1,0,0,0,0,8.6,8.6
316,4,2015,Zac Stacy,NYJ,1,5,7,1,3,2,18,0,8.5,8.5
317,4,2015,Khiry Robinson,NO,1,6,16,1,4,2,5,0,8.1,8.1
318,4,2015,Chris Thompson,WAS,1,6,53,0,3,2,24,0,7.7,7.7
319,4,2015,C.J. Anderson,DEN,1,11,43,0,1,1,27,0,7,7
320,4,2015,John Kuhn,GB,1,1,1,1,1,1,8,0,6.9,6.9
321,4,2015,Frank Gore,IND,1,17,53,0,7,5,34,0,6.7,6.7
322,4,2015,Alfred Morris,WAS,1,17,62,0,3,2,3,0,6.5,6.5
323,4,2015,Latavius Murray,OAK,1,16,49,0,5,3,12,0,6.1,6.1
324,4,2015,Lance Dunbar,DAL,1,3,54,0,0,0,0,0,5.4,5.4
325,4,2015,Fred Jackson,SEA,1,3,21,0,4,2,33,0,5.4,5.4
326,4,2015,Jonathan Stewart,CAR,1,10,50,0,0,0,0,0,5,5
327,4,2015,DeMarco Murray,PHI,1,8,36,0,2,2,12,0,4.8,4.8
328,4,2015,Thomas Rawls,SEA,1,17,48,0,1,1,-1,0,4.7,4.7
329,4,2015,Melvin Gordon,SD,1,12,38,0,2,2,8,0,4.6,4.6
330,4,2015,Ameer Abdullah,DET,1,13,33,0,5,2,11,0,4.4,4.4
331,4,2015,James Starks,GB,1,9,28,0,2,2,11,0,3.9,3.9
332,4,2015,Lamar Miller,MIA,1,7,26,0,2,1,10,0,3.6,3.6
333,4,2015,Theo Riddick,DET,1,1,5,0,5,5,31,0,3.6,3.6
334,4,2015,Andre Williams,NYG,1,11,35,0,1,0,0,0,3.5,3.5
335,4,2015,Darren McFadden,DAL,1,10,31,0,0,0,0,0,3.1,3.1
336,4,2015,Rex Burkhead,CIN,1,0,0,0,1,1,27,0,2.7,2.7
337,4,2015,Cameron Artis-Payne,CAR,1,8,25,0,0,0,0,0,2.5,2.5
338,4,2015,Lorenzo Taliaferro,BAL,1,3,13,0,1,1,11,0,2.4,2.4
339,4,2015,Carlos Hyde,SF,1,8,20,0,1,1,2,0,2.2,2.2
340,4,2015,Shane Vereen,NYG,1,5,21,0,0,0,0,0,2.1,2.1
341,4,2015,Charcandrick West,KC,1,5,17,0,3,1,4,0,2.1,2.1
342,4,2015,Anthony Dixon,BUF,1,0,0,0,3,2,20,0,2,2
343,4,2015,Javorius Allen,BAL,1,5,19,0,0,0,0,0,1.9,1.9
344,4,2015,Alfred Blue,HOU,1,6,17,0,0,0,0,0,1.7,1.7
345,4,2015,Darren Sproles,PHI,1,4,17,0,3,0,0,0,1.7,1.7
346,4,2015,Marcel Reece,OAK,1,0,0,0,2,2,16,0,1.6,1.6
347,4,2015,Arian Foster,HOU,1,8,10,0,5,3,25,0,1.5,1.5
348,4,2015,Zach Zenner,DET,1,2,9,0,1,1,4,0,1.3,1.3
349,4,2015,Bilal Powell,NYJ,1,0,0,0,1,1,12,0,1.2,1.2
350,4,2015,Matt Jones,WAS,1,7,11,0,0,0,0,0,1.1,1.1
351,4,2015,Fozzy Whittaker,CAR,1,0,0,0,2,1,10,0,1,1
352,4,2015,De'Anthony Thomas,KC,1,2,-4,0,1,1,11,0,0.7,0.7
353,4,2015,Mike Tolbert,CAR,1,3,7,0,0,0,0,0,0.7,0.7
354,4,2015,Reggie Bush,SF,1,1,0,0,3,1,6,0,0.6,0.6
355,4,2015,Jerick McKinnon,MIN,1,1,6,0,0,0,0,0,0.6,0.6
356,4,2015,Shaun Draughn,CLE,1,1,6,0,1,1,-1,0,0.5,0.5
357,4,2015,DeAngelo Williams,PIT,1,2,5,0,0,0,0,0,0.5,0.5
358,4,2015,Tyler Clutts,DAL,1,0,0,0,1,1,4,0,0.4,0.4
359,4,2015,Benny Cunningham,STL,1,2,0,0,2,2,4,0,0.4,0.4
360,4,2015,Jeremy Langford,CHI,1,1,4,0,0,0,0,0,0.4,0.4
361,4,2015,Matt Asiata,MIN,1,1,3,0,0,0,0,0,0.3,0.3
362,4,2015,Michael Burton,DET,1,1,0,0,1,1,3,0,0.3,0.3
363,4,2015,Kyle Juszczyk,BAL,1,0,0,0,1,1,3,0,0.3,0.3
364,4,2015,Jacquizz Rodgers,CHI,1,2,3,0,1,0,0,0,0.3,0.3
365,4,2015,Damien Williams,MIA,1,0,0,0,1,1,1,0,0.1,0.1
366,4,2015,Patrick DiMarco,ATL,1,0,0,0,1,0,0,0,0,0
367,4,2015,Jonas Gray,MIA,1,1,0,0,0,0,0,0,0,0
368,4,2015,Zach Line,MIN,1,0,0,0,1,0,0,0,0,0
369,4,2015,Ryan Mathews,PHI,1,5,20,0,0,0,0,0,0,0
370,4,2015,Darrel Young,WAS,1,1,0,0,0,0,0,0,0,0
371,4,2015,Tre Mason,STL,1,2,-1,0,0,0,0,0,-0.1,-0.1
372,4,2015,Christine Michael,DAL,1,1,-1,0,0,0,0,0,-0.1,-0.1
373,4,2015,Jamize Olawale,OAK,1,1,-1,0,0,0,0,0,-0.1,-0.1
374,4,2015,Toby Gerhart,JAC,1,1,-2,0,0,0,0,0,-0.2,-0.2
375,4,2015,Cierre Wood,BUF,1,0,0,0,1,1,-6,0,-0.6,-0.6
376,4,2015,Josh Robinson,IND,1,3,2,0,0,0,0,0,-1.8,-1.8
377,5,2015,Doug Martin,TB,1,24,123,2,3,3,35,1,33.8,33.8
378,5,2015,Devonta Freeman,ATL,1,27,153,1,8,7,44,0,25.7,25.7
379,5,2015,Justin Forsett,BAL,1,21,121,1,5,4,49,0,23,23
380,5,2015,Thomas Rawls,SEA,1,23,169,1,0,0,0,0,22.9,22.9
381,5,2015,Le'Veon Bell,PIT,1,21,111,1,5,4,16,0,18.7,18.7
382,5,2015,DeMarco Murray,PHI,1,20,83,1,8,7,37,0,18,18
383,5,2015,Shane Vereen,NYG,1,5,24,0,8,8,86,1,17,17
384,5,2015,Matt Forte,CHI,1,18,71,0,7,5,38,1,16.9,16.9
385,5,2015,Todd Gurley,STL,1,30,159,0,0,0,0,0,15.9,15.9
386,5,2015,Frank Gore,IND,1,22,98,1,0,0,0,0,15.8,15.8
387,5,2015,Carlos Hyde,SF,1,21,93,1,5,1,4,0,15.7,15.7
388,5,2015,Ryan Mathews,PHI,1,8,73,1,3,3,23,0,15.6,15.6
389,5,2015,Dion Lewis,NE,1,6,34,0,11,8,59,1,15.3,15.3
390,5,2015,Isaiah Crowell,CLE,1,13,49,0,2,2,38,1,14.7,14.7
391,5,2015,Charles Sims,TB,1,12,51,0,4,4,85,0,13.6,13.6
392,5,2015,David Johnson,ARI,1,3,6,2,0,0,0,0,12.6,12.6
393,5,2015,Andre Ellington,ARI,1,3,63,1,0,0,0,0,12.3,12.3
394,5,2015,T.J. Yeldon,JAC,1,11,32,0,6,5,31,1,12.3,12.3
395,5,2015,Arian Foster,HOU,1,19,41,0,10,9,77,0,11.8,11.8
396,5,2015,Marcel Reece,OAK,1,1,6,0,8,7,49,1,11.5,11.5
397,5,2015,Antonio Andrews,TEN,1,7,9,1,4,3,45,0,11.4,11.4
398,5,2015,Theo Riddick,DET,1,0,0,0,13,10,53,1,11.3,11.3
399,5,2015,Chris Johnson,ARI,1,11,103,0,0,0,0,0,10.3,10.3
400,5,2015,Giovani Bernard,CIN,1,15,80,0,8,5,21,0,10.1,10.1
401,5,2015,Matt Jones,WAS,1,11,20,1,2,1,17,0,9.7,9.7
402,5,2015,Kyle Juszczyk,BAL,1,0,0,0,6,3,31,1,9.1,9.1
403,5,2015,De'Anthony Thomas,KC,1,1,5,0,3,2,24,1,8.9,8.9
404,5,2015,Jamaal Charles,KC,1,12,58,0,4,1,26,0,8.4,8.4
405,5,2015,Darren McFadden,DAL,1,5,16,0,10,9,62,0,7.8,7.8
406,5,2015,Duke Johnson,CLE,1,9,22,0,8,6,55,0,7.7,7.7
407,5,2015,Danny Woodhead,SD,1,4,10,0,7,5,66,0,7.6,7.6
408,5,2015,LeGarrette Blount,NE,1,13,74,0,0,0,0,0,7.4,7.4
409,5,2015,Melvin Gordon,SD,1,15,42,0,9,7,52,0,7.4,7.4
410,5,2015,Mark Ingram,NO,1,12,57,0,3,2,17,0,7.4,7.4
411,5,2015,Joseph Randle,DAL,1,15,60,0,4,4,13,0,7.3,7.3
412,5,2015,Rashad Jennings,NYG,1,11,46,0,4,4,21,0,6.7,6.7
413,5,2015,Javorius Allen,BAL,1,8,58,0,1,0,0,0,5.8,5.8
414,5,2015,Latavius Murray,OAK,1,13,39,0,4,3,18,0,5.7,5.7
415,5,2015,Chris Thompson,WAS,1,3,15,0,7,6,33,0,4.8,4.8
416,5,2015,James Starks,GB,1,5,17,0,6,3,29,0,4.6,4.6
417,5,2015,Bishop Sankey,TEN,1,7,20,0,3,3,23,0,4.3,4.3
418,5,2015,C.J. Anderson,DEN,1,11,22,0,2,2,18,0,4,4
419,5,2015,Anthony Dixon,BUF,1,7,19,0,3,3,20,0,3.9,3.9
420,5,2015,Darren Sproles,PHI,1,5,27,0,2,1,10,0,3.7,3.7
421,5,2015,Zach Zenner,DET,1,10,30,0,2,1,7,0,3.7,3.7
422,5,2015,Charcandrick West,KC,1,7,31,0,2,1,5,0,3.6,3.6
423,5,2015,Eddie Lacy,GB,1,13,27,0,1,1,8,0,3.5,3.5
424,5,2015,Fred Jackson,SEA,1,2,5,0,3,3,29,0,3.4,3.4
425,5,2015,Alfred Blue,HOU,1,6,22,0,1,1,11,0,3.3,3.3
426,5,2015,Khiry Robinson,NO,1,5,30,0,2,2,2,0,3.2,3.2
427,5,2015,Benny Cunningham,STL,1,0,0,0,2,2,28,0,2.8,2.8
428,5,2015,Dan Herron,BUF,1,9,28,0,0,0,0,0,2.8,2.8
429,5,2015,Ronnie Hillman,DEN,1,7,21,0,2,1,5,0,2.6,2.6
430,5,2015,Jeremy Hill,CIN,1,8,13,0,2,1,12,0,2.5,2.5
431,5,2015,Bruce Miller,SF,1,0,0,0,2,2,23,0,2.3,2.3
432,5,2015,Chris Polk,HOU,1,1,5,0,3,2,17,0,2.2,2.2
433,5,2015,DeAngelo Williams,PIT,1,5,20,0,0,0,0,0,2,2
434,5,2015,Stepfan Taylor,ARI,1,4,19,0,1,0,0,0,1.9,1.9
435,5,2015,Roy Helu,OAK,1,3,6,0,6,3,12,0,1.8,1.8
436,5,2015,Dexter McCluster,TEN,1,8,20,0,1,1,-2,0,1.8,1.8
437,5,2015,Juwan Thompson,DEN,1,0,0,0,1,1,16,0,1.6,1.6
438,5,2015,Alfred Morris,WAS,1,8,15,0,0,0,0,0,1.5,1.5
439,5,2015,Jamize Olawale,OAK,1,6,13,0,0,0,0,0,1.3,1.3
440,5,2015,Jeremy Langford,CHI,1,2,-2,0,2,1,14,0,1.2,1.2
441,5,2015,Josh Robinson,IND,1,3,6,0,1,1,6,0,1.2,1.2
442,5,2015,Jarryd Hayne,SF,1,2,9,0,0,0,0,0,0.9,0.9
443,5,2015,Zurlon Tipton,IND,1,2,9,0,1,0,0,0,0.9,0.9
444,5,2015,Tre Mason,STL,1,2,8,0,0,0,0,0,0.8,0.8
445,5,2015,Ameer Abdullah,DET,1,6,17,0,2,1,9,0,0.6,0.6
446,5,2015,Michael Burton,DET,1,0,0,0,1,1,6,0,0.6,0.6
447,5,2015,Christine Michael,DAL,1,1,6,0,0,0,0,0,0.6,0.6
448,5,2015,Bernard Pierce,JAC,1,2,6,0,0,0,0,0,0.6,0.6
449,5,2015,Rod Smith,SEA,1,2,5,0,0,0,0,0,0.5,0.5
450,5,2015,Tevin Coleman,ATL,1,2,3,0,0,0,0,0,0.3,0.3
451,5,2015,John Kuhn,GB,1,1,3,0,1,0,0,0,0.3,0.3
452,5,2015,Jacquizz Rodgers,CHI,1,2,3,0,0,0,0,0,0.3,0.3
453,5,2015,Cierre Wood,BUF,1,2,3,0,0,0,0,0,0.3,0.3
454,5,2015,Knile Davis,KC,1,2,2,0,0,0,0,0,0.2,0.2
455,5,2015,Jerome Felton,BUF,1,1,2,0,0,0,0,0,0.2,0.2
456,5,2015,Toby Gerhart,JAC,1,1,2,0,1,0,0,0,0.2,0.2
457,5,2015,C.J. Spiller,NO,1,3,10,0,4,3,-8,0,0.2,0.2
458,5,2015,Terron Ward,ATL,1,0,0,0,2,0,0,0,0,0
459,5,2015,Andre Williams,NYG,1,3,0,0,0,0,0,0,0,0
460,5,2015,Reggie Bush,SF,1,1,-1,0,0,0,0,0,-0.1,-0.1
461,5,2015,Rex Burkhead,CIN,1,1,-2,0,0,0,0,0,-2.2,-2.2
462,5,2015,Corey Grant,JAC,1,2,-6,0,0,0,0,0,-2.6,-2.6
463,6,2015,Devonta Freeman,ATL,1,13,100,1,10,8,56,1,27.6,27.6
464,6,2015,Chris Ivory,NYJ,1,20,146,1,3,3,50,0,25.6,25.6
465,6,2015,James Starks,GB,1,10,112,1,2,1,5,1,23.7,23.7
466,6,2015,LeGarrette Blount,NE,1,16,93,1,1,1,11,1,22.4,22.4
467,6,2015,Jonathan Stewart,CAR,1,20,78,2,1,1,8,0,20.6,20.6
468,6,2015,DeMarco Murray,PHI,1,22,109,1,4,3,14,0,18.3,18.3
469,6,2015,Lamar Miller,MIA,1,19,113,1,3,2,5,0,17.8,17.8
470,6,2015,Mark Ingram,NO,1,20,46,2,3,3,10,0,17.6,17.6
471,6,2015,Arian Foster,HOU,1,18,53,0,6,5,59,1,17.2,17.2
472,6,2015,LeSean McCoy,BUF,1,17,90,1,4,2,4,0,15.4,15.4
473,6,2015,Matt Forte,CHI,1,24,69,1,5,3,20,0,14.9,14.9
474,6,2015,Giovani Bernard,CIN,1,8,50,1,2,1,23,0,13.3,13.3
475,6,2015,Jeremy Hill,CIN,1,16,56,0,1,1,13,1,12.9,12.9
476,6,2015,Ronnie Hillman,DEN,1,20,111,0,5,3,4,0,11.5,11.5
477,6,2015,Marshawn Lynch,SEA,1,17,54,1,3,1,0,0,11.4,11.4
478,6,2015,Dexter McCluster,TEN,1,5,23,0,4,3,19,1,10.2,10.2
479,6,2015,Justin Forsett,BAL,1,17,62,0,8,7,39,0,10.1,10.1
480,6,2015,Frank Gore,IND,1,13,78,0,3,2,16,0,9.4,9.4
481,6,2015,Bruce Miller,SF,1,0,0,0,3,3,89,0,8.9,8.9
482,6,2015,Le'Veon Bell,PIT,1,24,88,0,0,0,0,0,8.8,8.8
483,6,2015,Jeremy Langford,CHI,1,5,10,1,2,1,17,0,8.7,8.7
484,6,2015,Theo Riddick,DET,1,7,28,0,6,3,50,0,7.8,7.8
485,6,2015,Danny Woodhead,SD,1,7,8,0,7,5,63,0,7.1,7.1
486,6,2015,Ameer Abdullah,DET,1,14,48,0,4,3,21,0,6.9,6.9
487,6,2015,C.J. Anderson,DEN,1,13,41,0,4,4,25,0,6.6,6.6
488,6,2015,Rashad Jennings,NYG,1,13,63,0,3,3,20,0,6.3,6.3
489,6,2015,Branden Oliver,SD,1,7,23,0,4,4,40,0,6.3,6.3
490,6,2015,Zac Stacy,NYJ,1,13,46,0,2,2,15,0,6.1,6.1
491,6,2015,Carlos Hyde,SF,1,21,55,0,2,2,5,0,6,6
492,6,2015,Adrian Peterson,MIN,1,26,60,0,1,1,-3,0,5.7,5.7
493,6,2015,Duke Johnson,CLE,1,9,38,0,4,3,18,0,5.6,5.6
494,6,2015,Andre Ellington,ARI,1,1,7,0,2,2,47,0,5.4,5.4
495,6,2015,Toby Gerhart,JAC,1,9,26,0,4,3,23,0,4.9,4.9
496,6,2015,Khiry Robinson,NO,1,7,23,0,2,2,24,0,4.7,4.7
497,6,2015,Ryan Mathews,PHI,1,9,40,0,1,1,6,0,4.6,4.6
498,6,2015,Chris Johnson,ARI,1,14,40,0,1,1,5,0,4.5,4.5
499,6,2015,Isaiah Crowell,CLE,1,11,32,0,2,2,9,0,4.1,4.1
500,6,2015,Dion Lewis,NE,1,4,21,0,6,3,18,0,3.9,3.9
501,6,2015,Chris Polk,HOU,1,8,37,0,2,1,2,0,3.9,3.9
502,6,2015,Denard Robinson,JAC,1,7,19,0,3,3,19,0,3.8,3.8
503,6,2015,Chris Thompson,WAS,1,5,12,0,10,6,26,0,3.8,3.8
504,6,2015,Jonas Gray,MIA,1,7,24,0,1,1,12,0,3.6,3.6
505,6,2015,Matt Asiata,MIN,1,5,27,0,1,1,8,0,3.5,3.5
506,6,2015,Alfred Morris,WAS,1,11,21,0,1,1,11,0,3.2,3.2
507,6,2015,C.J. Spiller,NO,1,3,10,0,5,4,17,0,2.7,2.7
508,6,2015,Robert Turbin,CLE,1,10,27,0,1,0,0,0,2.7,2.7
509,6,2015,Antonio Andrews,TEN,1,9,23,0,1,1,2,0,2.5,2.5
510,6,2015,Knile Davis,KC,1,5,13,0,1,1,12,0,2.5,2.5
511,6,2015,Fozzy Whittaker,CAR,1,1,2,0,2,2,21,0,2.3,2.3
512,6,2015,Kyle Juszczyk,BAL,1,0,0,0,2,2,22,0,2.2,2.2
513,6,2015,Javorius Allen,BAL,1,4,13,0,3,1,8,0,2.1,2.1
514,6,2015,Tevin Coleman,ATL,1,4,40,0,0,0,0,0,2,2
515,6,2015,John Kuhn,GB,1,0,0,0,2,2,20,0,2,2
516,6,2015,Eddie Lacy,GB,1,4,3,0,2,2,17,0,2,2
517,6,2015,Bishop Sankey,TEN,1,3,13,0,3,1,7,0,2,2
518,6,2015,Charcandrick West,KC,1,9,33,0,2,1,6,0,1.9,1.9
519,6,2015,Patrick DiMarco,ATL,1,0,0,0,3,2,18,0,1.8,1.8
520,6,2015,Dan Herron,BUF,1,0,0,0,2,2,17,0,1.7,1.7
521,6,2015,David Johnson,ARI,1,3,9,0,1,1,8,0,1.7,1.7
522,6,2015,Ahmad Bradshaw,IND,1,4,8,0,1,1,8,0,1.6,1.6
523,6,2015,Zach Zenner,DET,1,3,15,0,0,0,0,0,1.5,1.5
524,6,2015,Anthony Sherman,KC,1,1,0,0,1,1,13,0,1.3,1.3
525,6,2015,Mike Tolbert,CAR,1,3,10,0,0,0,0,0,1,1
526,6,2015,Melvin Gordon,SD,1,7,29,0,0,0,0,0,0.9,0.9
527,6,2015,Thomas Rawls,SEA,1,1,8,0,0,0,0,0,0.8,0.8
528,6,2015,Darrel Young,WAS,1,0,0,0,1,1,8,0,0.8,0.8
529,6,2015,Fred Jackson,SEA,1,0,0,0,2,2,7,0,0.7,0.7
530,6,2015,Darren Sproles,PHI,1,2,4,0,2,1,3,0,0.7,0.7
531,6,2015,Terron Ward,ATL,1,0,0,0,1,1,7,0,0.7,0.7
532,6,2015,Shane Vereen,NYG,1,4,0,0,4,1,6,0,0.6,0.6
533,6,2015,Andre Williams,NYG,1,5,6,0,0,0,0,0,0.6,0.6
534,6,2015,Damien Williams,MIA,1,2,5,0,0,0,0,0,0.5,0.5
535,6,2015,Zach Line,MIN,1,0,0,0,1,1,3,0,0.3,0.3
536,6,2015,Jerick McKinnon,MIN,1,1,2,0,0,0,0,0,0.2,0.2
537,6,2015,Corey Grant,JAC,1,1,1,0,0,0,0,0,0.1,0.1
538,6,2015,De'Anthony Thomas,KC,1,1,1,0,1,0,0,0,0.1,0.1
539,6,2015,Mike Davis,SF,1,1,0,0,0,0,0,0,0,0
540,6,2015,James White,NE,1,0,0,0,1,0,0,0,0,0
541,6,2015,Bilal Powell,NYJ,1,4,-2,0,1,1,1,0,-0.1,-0.1
542,6,2015,DeAngelo Williams,PIT,1,1,-1,0,0,0,0,0,-0.1,-0.1
543,7,2015,Lamar Miller,MIA,1,14,175,1,3,3,61,1,35.6,35.6
544,7,2015,Todd Gurley,STL,1,19,128,2,5,4,35,0,28.3,28.3
545,7,2015,Arian Foster,HOU,1,18,59,1,7,5,66,1,24.5,24.5
546,7,2015,Darren McFadden,DAL,1,29,152,1,2,2,10,0,22.2,22.2
547,7,2015,Danny Woodhead,SD,1,5,26,0,12,11,75,2,22.1,22.1
548,7,2015,Mark Ingram,NO,1,14,143,1,2,2,5,0,20.8,20.8
549,7,2015,Charcandrick West,KC,1,22,110,1,5,2,19,0,18.9,18.9
550,7,2015,T.J. Yeldon,JAC,1,20,115,1,3,1,9,0,18.4,18.4
551,7,2015,Chris Johnson,ARI,1,18,122,1,0,0,0,0,18.2,18.2
552,7,2015,Marshawn Lynch,SEA,1,27,122,1,0,0,0,0,18.2,18.2
553,7,2015,Ryan Mathews,PHI,1,6,97,1,3,3,24,0,18.1,18.1
554,7,2015,Doug Martin,TB,1,19,136,0,3,3,35,0,17.1,17.1
555,7,2015,Khiry Robinson,NO,1,14,28,2,1,1,3,0,15.1,15.1
556,7,2015,Latavius Murray,OAK,1,15,85,1,1,1,1,0,14.6,14.6
557,7,2015,Mike Tolbert,CAR,1,3,16,1,1,1,2,1,13.8,13.8
558,7,2015,Le'Veon Bell,PIT,1,17,121,0,4,4,16,0,13.7,13.7
559,7,2015,Devonta Freeman,ATL,1,25,116,0,3,2,14,0,13,13
560,7,2015,Jonathan Stewart,CAR,1,24,125,0,1,0,0,0,12.5,12.5
561,7,2015,Chris Ivory,NYJ,1,17,41,0,2,2,12,1,11.3,11.3
562,7,2015,Adrian Peterson,MIN,1,19,98,0,3,3,12,0,11,11
563,7,2015,Orleans Darkwa,NYG,1,8,48,1,1,0,0,0,10.8,10.8
564,7,2015,Justin Forsett,BAL,1,12,36,1,4,3,8,0,10.4,10.4
565,7,2015,Duke Johnson,CLE,1,6,17,0,7,7,73,0,9,9
566,7,2015,LeSean McCoy,BUF,1,18,68,0,4,2,36,0,8.4,8.4
567,7,2015,Frank Gore,IND,1,9,43,0,8,5,32,0,7.5,7.5
568,7,2015,Kyle Juszczyk,BAL,1,0,0,0,5,4,15,1,7.5,7.5
569,7,2015,Branden Oliver,SD,1,9,35,0,7,6,39,0,7.4,7.4
570,7,2015,DeMarco Murray,PHI,1,18,65,0,4,2,5,0,7,7
571,7,2015,Dexter McCluster,TEN,1,5,20,0,8,6,48,0,6.8,6.8
572,7,2015,Shane Vereen,NYG,1,4,56,0,3,1,6,0,6.2,6.2
573,7,2015,Jonas Gray,MIA,1,12,48,0,1,1,10,0,5.8,5.8
574,7,2015,Antonio Andrews,TEN,1,10,57,0,0,0,0,0,5.7,5.7
575,7,2015,Taiwan Jones,OAK,1,3,35,0,3,2,17,0,5.2,5.2
576,7,2015,Matt Jones,WAS,1,9,29,0,4,3,22,0,5.1,5.1
577,7,2015,Zach Line,MIN,1,2,2,0,1,1,49,0,5.1,5.1
578,7,2015,Andre Ellington,ARI,1,5,21,0,4,3,28,0,4.9,4.9
579,7,2015,Theo Riddick,DET,1,3,8,0,4,3,40,0,4.8,4.8
580,7,2015,C.J. Spiller,NO,1,4,16,0,6,6,32,0,4.8,4.8
581,7,2015,Charles Sims,TB,1,10,49,0,3,2,17,0,4.6,4.6
582,7,2015,Ameer Abdullah,DET,1,8,43,0,0,0,0,0,4.3,4.3
583,7,2015,Thomas Rawls,SEA,1,6,32,0,2,2,9,0,4.1,4.1
584,7,2015,Carlos Hyde,SF,1,11,40,0,0,0,0,0,4,4
585,7,2015,Darren Sproles,PHI,1,3,9,0,10,5,31,0,4,4
586,7,2015,Robert Turbin,CLE,1,5,30,0,2,2,8,0,3.8,3.8
587,7,2015,Jerick McKinnon,MIN,1,9,36,0,1,1,1,0,3.7,3.7
588,7,2015,Tommy Bohanon,NYJ,1,0,0,0,4,2,36,0,3.6,3.6
589,7,2015,Javorius Allen,BAL,1,3,25,0,1,1,10,0,3.5,3.5
590,7,2015,Joique Bell,DET,1,3,21,0,2,2,14,0,3.5,3.5
591,7,2015,Fred Jackson,SEA,1,1,2,0,4,4,33,0,3.5,3.5
592,7,2015,Reggie Bush,SF,1,4,21,0,5,3,13,0,3.4,3.4
593,7,2015,Zac Stacy,NYJ,1,7,19,0,1,1,11,0,3,3
594,7,2015,James White,NE,1,2,4,0,5,3,26,0,3,3
595,7,2015,Melvin Gordon,SD,1,7,29,0,0,0,0,0,2.9,2.9
596,7,2015,De'Anthony Thomas,KC,1,1,13,0,3,2,12,0,2.5,2.5
597,7,2015,Benny Cunningham,STL,1,4,11,0,2,2,13,0,2.4,2.4
598,7,2015,David Johnson,ARI,1,3,5,0,2,2,19,0,2.4,2.4
599,7,2015,Joseph Randle,DAL,1,2,24,0,0,0,0,0,2.4,2.4
600,7,2015,Christine Michael,DAL,1,5,18,0,1,1,2,0,2,2
601,7,2015,Rashad Jennings,NYG,1,5,19,0,0,0,0,0,1.9,1.9
602,7,2015,Chris Polk,HOU,1,4,4,0,3,2,14,0,1.8,1.8
603,7,2015,DeAngelo Williams,PIT,1,4,9,0,2,1,8,0,1.7,1.7
604,7,2015,Marcel Reece,OAK,1,0,0,0,3,3,15,0,1.5,1.5
605,7,2015,Tevin Coleman,ATL,1,3,14,0,1,0,0,0,1.4,1.4
606,7,2015,Ahmad Bradshaw,IND,1,1,5,0,2,1,8,0,1.3,1.3
607,7,2015,Andre Williams,NYG,1,4,13,0,0,0,0,0,1.3,1.3
608,7,2015,Dan Herron,BUF,1,2,9,0,1,1,3,0,1.2,1.2
609,7,2015,Isaiah Crowell,CLE,1,8,9,0,0,0,0,0,0.9,0.9
610,7,2015,Damien Williams,MIA,1,4,19,0,2,2,10,0,0.9,0.9
611,7,2015,Alfred Blue,HOU,1,3,8,0,0,0,0,0,0.8,0.8
612,7,2015,Toby Gerhart,JAC,1,6,8,0,0,0,0,0,0.8,0.8
613,7,2015,Spencer Ware,KC,1,2,8,0,0,0,0,0,0.8,0.8
614,7,2015,Alfred Morris,WAS,1,6,5,0,1,1,2,0,0.7,0.7
615,7,2015,Terron Ward,ATL,1,0,0,0,1,1,7,0,0.7,0.7
616,7,2015,Matt Asiata,MIN,1,0,0,0,2,2,5,0,0.5,0.5
617,7,2015,Jamize Olawale,OAK,1,2,4,0,0,0,0,0,0.4,0.4
618,7,2015,Bobby Rainey,TB,1,0,0,0,1,1,4,0,0.4,0.4
619,7,2015,Roy Helu,OAK,1,4,3,0,0,0,0,0,0.3,0.3
620,7,2015,Knile Davis,KC,1,1,2,0,0,0,0,0,0.2,0.2
621,7,2015,Darrel Young,WAS,1,1,1,0,0,0,0,0,0.1,0.1
622,7,2015,Cameron Artis-Payne,CAR,1,1,0,0,0,0,0,0,0,0
623,7,2015,Michael Burton,DET,1,1,0,0,0,0,0,0,0,0
624,7,2015,Patrick DiMarco,ATL,1,1,0,0,0,0,0,0,0,0
625,7,2015,Jonathan Grimes,HOU,1,0,0,0,1,0,0,0,0,0
626,7,2015,Bishop Sankey,TEN,1,0,0,0,1,0,0,0,0,0
627,7,2015,Fozzy Whittaker,CAR,1,0,0,0,1,0,0,0,0,0
628,7,2015,George Winn,DET,1,1,0,0,0,0,0,0,0,0
629,7,2015,LeGarrette Blount,NE,1,3,-3,0,0,0,0,0,-0.3,-0.3
630,8,2015,Todd Gurley,STL,1,20,133,1,3,3,13,0,20.6,20.6
631,8,2015,Charcandrick West,KC,1,20,97,1,6,4,25,0,18.2,18.2
632,8,2015,Ronnie Hillman,DEN,1,19,60,2,2,1,-5,0,17.5,17.5
633,8,2015,Dion Lewis,NE,1,5,19,0,9,6,93,1,17.2,17.2
634,8,2015,C.J. Anderson,DEN,1,14,101,1,1,1,5,0,16.6,16.6
635,8,2015,Devonta Freeman,ATL,1,21,88,0,8,6,43,0,13.1,13.1
636,8,2015,Taiwan Jones,OAK,1,2,5,0,1,1,59,1,12.4,12.4
637,8,2015,Jonathan Stewart,CAR,1,24,82,1,2,1,1,0,12.3,12.3
638,8,2015,Shane Vereen,NYG,1,2,3,0,9,8,60,1,12.3,12.3
639,8,2015,Mark Ingram,NO,1,16,80,0,5,4,39,0,11.9,11.9
640,8,2015,Latavius Murray,OAK,1,20,113,0,2,1,6,0,11.9,11.9
641,8,2015,Darren McFadden,DAL,1,20,64,0,8,6,49,0,11.3,11.3
642,8,2015,DeAngelo Williams,PIT,1,9,71,0,4,4,39,0,11,11
643,8,2015,Adrian Peterson,MIN,1,20,103,0,2,2,6,0,10.9,10.9
644,8,2015,Eddie Lacy,GB,1,11,38,1,2,1,9,0,10.7,10.7
645,8,2015,C.J. Spiller,NO,1,4,21,0,4,2,15,1,9.6,9.6
646,8,2015,Lamar Miller,MIA,1,9,15,1,5,5,19,0,9.4,9.4
647,8,2015,Frank Gore,IND,1,22,70,0,3,3,22,0,9.2,9.2
648,8,2015,De'Anthony Thomas,KC,1,1,10,1,3,3,22,0,9.2,9.2
649,8,2015,Rashad Jennings,NYG,1,10,54,0,3,2,31,0,8.5,8.5
650,8,2015,Antonio Andrews,TEN,1,16,64,0,3,3,18,0,8.2,8.2
651,8,2015,Marshawn Lynch,SEA,1,21,71,0,2,2,11,0,8.2,8.2
652,8,2015,Doug Martin,TB,1,23,71,0,1,1,7,0,7.8,7.8
653,8,2015,LeGarrette Blount,NE,1,17,72,0,1,1,2,0,7.4,7.4
654,8,2015,Justin Forsett,BAL,1,17,69,0,1,1,5,0,7.4,7.4
655,8,2015,Alfred Blue,HOU,1,14,39,0,5,5,33,0,7.2,7.2
656,8,2015,Spencer Ware,KC,1,2,12,1,0,0,0,0,7.2,7.2
657,8,2015,Duke Johnson,CLE,1,1,3,0,2,2,68,0,7.1,7.1
658,8,2015,Matt Forte,CHI,1,10,41,0,4,4,28,0,6.9,6.9
659,8,2015,Chris Johnson,ARI,1,30,109,0,1,0,0,0,6.9,6.9
660,8,2015,Jeremy Hill,CIN,1,15,60,0,1,1,8,0,6.8,6.8
661,8,2015,Melvin Gordon,SD,1,18,54,0,6,5,7,0,6.1,6.1
662,8,2015,Le'Veon Bell,PIT,1,10,45,0,2,2,13,0,5.8,5.8
663,8,2015,Joique Bell,DET,1,7,56,0,1,0,0,0,5.6,5.6
664,8,2015,Tre Mason,STL,1,15,46,0,1,1,6,0,5.2,5.2
665,8,2015,Jonas Gray,MIA,1,2,1,0,5,4,50,0,5.1,5.1
666,8,2015,David Johnson,ARI,1,1,4,0,2,2,44,0,4.8,4.8
667,8,2015,Theo Riddick,DET,1,5,17,0,7,6,30,0,4.7,4.7
668,8,2015,Jeremy Langford,CHI,1,12,46,0,1,0,0,0,4.6,4.6
669,8,2015,Charles Sims,TB,1,6,22,0,4,3,24,0,4.6,4.6
670,8,2015,Danny Woodhead,SD,1,3,9,0,3,2,36,0,4.5,4.5
671,8,2015,Chris Ivory,NYJ,1,15,17,0,5,3,24,0,4.1,4.1
672,8,2015,Mike Tolbert,CAR,1,0,0,0,1,1,40,0,4,4
673,8,2015,Kyle Juszczyk,BAL,1,0,0,0,2,1,39,0,3.9,3.9
674,8,2015,Dexter McCluster,TEN,1,3,15,0,6,4,23,0,3.8,3.8
675,8,2015,Giovani Bernard,CIN,1,1,12,0,3,2,22,0,3.4,3.4
676,8,2015,Branden Oliver,SD,1,4,18,0,2,2,16,0,3.4,3.4
677,8,2015,Javorius Allen,BAL,1,4,1,0,4,3,30,0,3.1,3.1
678,8,2015,Ahmad Bradshaw,IND,1,7,31,0,1,0,0,0,3.1,3.1
679,8,2015,Isaiah Crowell,CLE,1,10,14,0,2,1,12,0,2.6,2.6
680,8,2015,Marcel Reece,OAK,1,0,0,0,3,3,26,0,2.6,2.6
681,8,2015,Orleans Darkwa,NYG,1,4,23,0,0,0,0,0,2.3,2.3
682,8,2015,Kendall Gaskins,SF,1,5,6,0,3,2,17,0,2.3,2.3
683,8,2015,Chris Polk,HOU,1,8,18,0,2,1,4,0,2.2,2.2
684,8,2015,Tevin Coleman,ATL,1,3,11,0,1,1,10,0,2.1,2.1
685,8,2015,Christine Michael,DAL,1,5,20,0,2,0,0,0,2,2
686,8,2015,Mike Davis,SF,1,10,4,0,3,2,14,0,1.8,1.8
687,8,2015,Jerick McKinnon,MIN,1,2,18,0,0,0,0,0,1.8,1.8
688,8,2015,Zac Stacy,NYJ,1,3,11,0,1,1,7,0,1.8,1.8
689,8,2015,James Starks,GB,1,5,9,0,2,2,9,0,1.8,1.8
690,8,2015,Khiry Robinson,NO,1,4,4,0,2,2,13,0,1.7,1.7
691,8,2015,Jonathan Grimes,HOU,1,0,0,0,3,2,12,0,1.2,1.2
692,8,2015,Matt Asiata,MIN,1,1,5,0,3,3,6,0,1.1,1.1
693,8,2015,Thomas Rawls,SEA,1,4,10,0,0,0,0,0,1,1
694,8,2015,Knile Davis,KC,1,4,9,0,0,0,0,0,0.9,0.9
695,8,2015,Fred Jackson,SEA,1,0,0,0,1,1,9,0,0.9,0.9
696,8,2015,Patrick DiMarco,ATL,1,0,0,0,1,1,8,0,0.8,0.8
697,8,2015,Terron Ward,ATL,1,0,0,0,1,1,8,0,0.8,0.8
698,8,2015,Andre Williams,NYG,1,5,7,0,0,0,0,0,0.7,0.7
699,8,2015,Ameer Abdullah,DET,1,1,3,0,2,0,0,0,0.3,0.3
700,8,2015,Robert Turbin,CLE,1,3,3,0,0,0,0,0,0.3,0.3
701,8,2015,James White,NE,1,3,3,0,0,0,0,0,0.3,0.3
702,8,2015,Fozzy Whittaker,CAR,1,1,3,0,1,0,0,0,0.3,0.3
703,8,2015,Alonzo Harris,GB,1,2,2,0,0,0,0,0,0.2,0.2
704,8,2015,Reggie Bush,SF,1,0,0,0,1,0,0,0,0,0
705,8,2015,Andre Ellington,ARI,1,3,0,0,1,0,0,0,0,0
706,8,2015,Roy Helu,OAK,1,0,0,0,1,0,0,0,0,0
707,8,2015,Will Johnson,PIT,1,0,0,0,1,0,0,0,0,0
708,8,2015,Bruce Miller,SF,1,0,0,0,1,0,0,0,0,0
709,8,2015,Rod Smith,DAL,1,0,0,0,1,0,0,0,0,0
710,8,2015,Juwan Thompson,DEN,1,1,-1,0,0,0,0,0,-0.1,-0.1
711,8,2015,Bishop Sankey,TEN,1,0,0,0,0,0,0,0,-2,-2
712,9,2015,DeAngelo Williams,PIT,1,27,170,2,4,2,55,0,34.5,34.5
713,9,2015,Lamar Miller,MIA,1,12,44,2,7,7,97,0,26.1,26.1
714,9,2015,Karlos Williams,BUF,1,9,110,2,0,0,0,0,23,23
715,9,2015,DeMarco Murray,PHI,1,18,83,1,7,6,78,0,22.1,22.1
716,9,2015,Adrian Peterson,MIN,1,29,125,1,2,2,18,0,20.3,20.3
717,9,2015,Jeremy Langford,CHI,1,18,72,1,4,3,70,0,20.2,20.2
718,9,2015,LeGarrette Blount,NE,1,29,129,1,0,0,0,0,18.9,18.9
719,9,2015,James Starks,GB,1,10,39,0,8,6,83,1,18.2,18.2
720,9,2015,LeSean McCoy,BUF,1,16,112,1,2,2,7,0,17.9,17.9
721,9,2015,Danny Woodhead,SD,1,6,33,0,10,6,78,1,17.1,17.1
722,9,2015,Todd Gurley,STL,1,24,89,1,5,3,20,0,16.9,16.9
723,9,2015,Chris Ivory,NYJ,1,23,26,2,3,3,22,0,16.8,16.8
724,9,2015,Frank Gore,IND,1,28,83,1,3,1,19,0,16.2,16.2
725,9,2015,Devonta Freeman,ATL,1,12,12,0,10,8,67,1,13.9,13.9
726,9,2015,Ryan Mathews,PHI,1,11,67,1,1,0,0,0,12.7,12.7
727,9,2015,Darren McFadden,DAL,1,27,117,0,2,1,5,0,12.2,12.2
728,9,2015,Antonio Andrews,TEN,1,19,88,0,2,1,23,0,11.1,11.1
729,9,2015,Shane Vereen,NYG,1,6,14,0,4,4,29,1,10.3,10.3
730,9,2015,T.J. Yeldon,JAC,1,14,64,0,3,3,37,0,10.1,10.1
731,9,2015,Brandon Bolden,NE,1,1,12,0,4,3,27,1,9.9,9.9
732,9,2015,Duke Johnson,CLE,1,3,0,0,4,2,38,1,9.8,9.8
733,9,2015,Shaun Draughn,SF,1,16,58,0,5,4,38,0,9.6,9.6
734,9,2015,Mark Ingram,NO,1,21,52,0,5,4,42,0,9.4,9.4
735,9,2015,Giovani Bernard,CIN,1,13,72,0,1,1,14,0,8.6,8.6
736,9,2015,Jamize Olawale,OAK,1,1,19,1,0,0,0,0,7.9,7.9
737,9,2015,Latavius Murray,OAK,1,17,96,0,2,2,-1,0,7.5,7.5
738,9,2015,Ahmad Bradshaw,IND,1,6,3,0,2,1,8,1,7.1,7.1
739,9,2015,Jonathan Stewart,CAR,1,20,66,0,2,1,2,0,6.8,6.8
740,9,2015,Isaiah Crowell,CLE,1,10,38,0,4,3,26,0,6.4,6.4
741,9,2015,Charles Sims,TB,1,8,78,0,2,1,4,0,6.2,6.2
742,9,2015,Melvin Gordon,SD,1,11,31,0,3,3,25,0,5.6,5.6
743,9,2015,Dion Lewis,NE,1,4,14,0,5,4,39,0,5.3,5.3
744,9,2015,Jeremy Hill,CIN,1,15,52,0,1,1,0,0,5.2,5.2
745,9,2015,Rashad Jennings,NYG,1,13,48,0,1,1,-1,0,4.7,4.7
746,9,2015,Jay Ajayi,MIA,1,5,41,0,0,0,0,0,4.1,4.1
747,9,2015,C.J. Anderson,DEN,1,7,34,0,2,1,4,0,3.8,3.8
748,9,2015,Andre Williams,NYG,1,7,30,0,1,1,7,0,3.7,3.7
749,9,2015,Ka'Deem Carey,CHI,1,7,28,0,0,0,0,0,2.8,2.8
750,9,2015,Dexter McCluster,TEN,1,8,19,0,4,2,28,0,2.7,2.7
751,9,2015,Darren Sproles,PHI,1,5,23,0,3,2,3,0,2.6,2.6
752,9,2015,Matt Jones,WAS,1,11,27,0,3,2,17,0,2.4,2.4
753,9,2015,Orleans Darkwa,NYG,1,6,23,0,0,0,0,0,2.3,2.3
754,9,2015,Doug Martin,TB,1,11,31,0,4,2,12,0,2.3,2.3
755,9,2015,Marcel Reece,OAK,1,3,21,0,0,0,0,0,2.1,2.1
756,9,2015,Chris Thompson,WAS,1,0,0,0,4,2,21,0,2.1,2.1
757,9,2015,Kendall Gaskins,SF,1,7,20,0,0,0,0,0,2,2
758,9,2015,Zac Stacy,NYJ,1,1,3,0,3,1,16,0,1.9,1.9
759,9,2015,Aaron Ripkowski,GB,1,0,0,0,1,1,18,0,1.8,1.8
760,9,2015,Donald Brown,SD,1,2,13,0,0,0,0,0,1.3,1.3
761,9,2015,Fozzy Whittaker,CAR,1,2,13,0,0,0,0,0,1.3,1.3
762,9,2015,Pierre Thomas,SF,1,4,12,0,0,0,0,0,1.2,1.2
763,9,2015,Jerick McKinnon,MIN,1,0,0,0,2,2,11,0,1.1,1.1
764,9,2015,Antone Smith,CHI,1,1,11,0,0,0,0,0,1.1,1.1
765,9,2015,Alfred Morris,WAS,1,4,10,0,0,0,0,0,1,1
766,9,2015,C.J. Spiller,NO,1,2,8,0,2,1,2,0,1,1
767,9,2015,Rex Burkhead,CIN,1,0,0,0,1,1,7,0,0.7,0.7
768,9,2015,Mike Tolbert,CAR,1,3,7,0,0,0,0,0,0.7,0.7
769,9,2015,Jorvorskie Lane,TB,1,0,0,0,1,1,5,0,0.5,0.5
770,9,2015,Matt Asiata,MIN,1,2,4,0,0,0,0,0,0.4,0.4
771,9,2015,Bruce Miller,SF,1,2,4,0,0,0,0,0,0.4,0.4
772,9,2015,Tevin Coleman,ATL,1,1,3,0,0,0,0,0,0.3,0.3
773,9,2015,Bobby Rainey,TB,1,1,3,0,0,0,0,0,0.3,0.3
774,9,2015,Jordan Todman,PIT,1,1,3,0,2,0,0,0,0.3,0.3
775,9,2015,Denard Robinson,JAC,1,1,2,0,1,0,0,0,0.2,0.2
776,9,2015,Ronnie Hillman,DEN,1,7,1,0,0,0,0,0,0.1,0.1
777,9,2015,Tre Mason,STL,1,3,3,0,1,1,-4,0,-0.1,-0.1
778,9,2015,Eddie Lacy,GB,1,5,10,0,1,0,0,0,-1,-1
779,9,2015,Taiwan Jones,OAK,1,2,0,0,1,1,6,0,-1.4,-1.4
780,9,2015,Marcus Murphy,NO,1,0,0,0,0,0,0,0,-2,-2
781,9,2015,Marcus Thigpen,OAK,1,0,0,0,0,0,0,0,-2,-2
782,10,2015,Jeremy Langford,CHI,1,20,73,1,9,7,109,1,30.2,30.2
783,10,2015,Charcandrick West,KC,1,24,69,1,5,3,92,1,28.1,28.1
784,10,2015,Adrian Peterson,MIN,1,26,203,1,3,2,13,0,27.6,27.6
785,10,2015,Matt Jones,WAS,1,11,56,0,3,3,131,1,24.7,24.7
786,10,2015,LeSean McCoy,BUF,1,19,112,0,5,5,47,0,15.9,15.9
787,10,2015,Lamar Miller,MIA,1,16,43,0,8,6,50,1,15.3,15.3
788,10,2015,Jonathan Stewart,CAR,1,22,91,1,0,0,0,0,15.1,15.1
789,10,2015,Todd Gurley,STL,1,12,45,1,3,3,44,0,14.9,14.9
790,10,2015,Andre Ellington,ARI,1,5,61,1,4,3,27,0,14.8,14.8
791,10,2015,LeGarrette Blount,NE,1,19,66,1,2,2,11,0,13.7,13.7
792,10,2015,DeMarco Murray,PHI,1,22,61,0,8,6,58,0,11.9,11.9
793,10,2015,Alfred Morris,WAS,1,15,104,0,3,3,14,0,11.8,11.8
794,10,2015,Chris Ivory,NYJ,1,18,99,0,3,2,36,0,11.5,11.5
795,10,2015,Ronnie Hillman,DEN,1,11,42,1,4,2,9,0,11.1,11.1
796,10,2015,Marshawn Lynch,SEA,1,8,42,1,2,1,8,0,11,11
797,10,2015,Karlos Williams,BUF,1,7,24,0,1,1,26,1,11,11
798,10,2015,Doug Martin,TB,1,18,63,0,4,4,40,0,10.3,10.3
799,10,2015,Ryan Mathews,PHI,1,8,18,1,3,2,22,0,10,10
800,10,2015,Mark Ingram,NO,1,5,77,0,4,3,21,0,9.8,9.8
801,10,2015,James Starks,GB,1,15,42,0,7,6,54,0,9.6,9.6
802,10,2015,Dexter McCluster,TEN,1,3,25,1,5,4,27,0,9.2,9.2
803,10,2015,Giovani Bernard,CIN,1,8,36,0,8,5,43,0,7.9,7.9
804,10,2015,Latavius Murray,OAK,1,12,48,0,5,5,29,0,7.7,7.7
805,10,2015,Chris Thompson,WAS,1,2,54,0,1,1,23,0,7.7,7.7
806,10,2015,DeAngelo Williams,PIT,1,17,54,0,2,1,15,0,6.9,6.9
807,10,2015,T.J. Yeldon,JAC,1,18,61,0,6,5,6,0,6.7,6.7
808,10,2015,Justin Forsett,BAL,1,14,53,0,4,4,11,0,6.4,6.4
809,10,2015,Will Tukuafu,SEA,1,2,2,1,0,0,0,0,6.2,6.2
810,10,2015,Jamize Olawale,OAK,1,5,24,0,3,3,35,0,5.9,5.9
811,10,2015,Chris Johnson,ARI,1,25,58,0,2,0,0,0,5.8,5.8
812,10,2015,Darren McFadden,DAL,1,17,32,0,4,3,26,0,5.8,5.8
813,10,2015,Rashad Jennings,NYG,1,11,39,0,3,2,12,0,5.1,5.1
814,10,2015,Jay Ajayi,MIA,1,6,48,0,0,0,0,0,4.8,4.8
815,10,2015,Kyle Juszczyk,BAL,1,0,0,0,5,5,47,0,4.7,4.7
816,10,2015,Tim Hightower,NO,1,11,46,0,0,0,0,0,4.6,4.6
817,10,2015,Jonathan Grimes,HOU,1,6,33,0,1,1,12,0,4.5,4.5
818,10,2015,De'Anthony Thomas,KC,1,0,0,0,5,4,37,0,3.7,3.7
819,10,2015,Ka'Deem Carey,CHI,1,14,56,0,0,0,0,0,3.6,3.6
820,10,2015,Joique Bell,DET,1,14,17,0,3,2,18,0,3.5,3.5
821,10,2015,C.J. Spiller,NO,1,8,24,0,2,2,10,0,3.4,3.4
822,10,2015,Darren Sproles,PHI,1,3,0,0,6,5,34,0,3.4,3.4
823,10,2015,Alfred Blue,HOU,1,12,22,0,1,1,9,0,3.1,3.1
824,10,2015,Charles Sims,TB,1,5,18,0,5,2,13,0,3.1,3.1
825,10,2015,Duke Johnson,CLE,1,4,10,0,4,4,18,0,2.8,2.8
826,10,2015,Tre Mason,STL,1,6,31,0,1,1,16,0,2.7,2.7
827,10,2015,Theo Riddick,DET,1,3,1,0,3,3,25,0,2.6,2.6
828,10,2015,Shane Vereen,NYG,1,4,14,0,4,2,12,0,2.6,2.6
829,10,2015,Matt Asiata,MIN,1,2,7,0,2,2,18,0,2.5,2.5
830,10,2015,Javorius Allen,BAL,1,5,19,0,2,1,4,0,2.3,2.3
831,10,2015,Ameer Abdullah,DET,1,5,15,0,1,1,7,0,2.2,2.2
832,10,2015,Mike Tolbert,CAR,1,3,5,0,1,1,16,0,2.1,2.1
833,10,2015,Jeremy Hill,CIN,1,7,15,0,3,3,5,0,2,2
834,10,2015,Thomas Rawls,SEA,1,2,19,0,0,0,0,0,1.9,1.9
835,10,2015,Tommy Bohanon,NYJ,1,0,0,0,1,1,18,0,1.8,1.8
836,10,2015,Orleans Darkwa,NYG,1,5,15,0,0,0,0,0,1.5,1.5
837,10,2015,Jalston Fowler,TEN,1,0,0,0,1,1,14,0,1.4,1.4
838,10,2015,Chris Polk,HOU,1,4,14,0,0,0,0,0,1.4,1.4
839,10,2015,James White,NE,1,1,5,0,1,1,6,0,1.1,1.1
840,10,2015,Roosevelt Nix,PIT,1,0,0,0,1,1,10,0,1,1
841,10,2015,Darrel Young,WAS,1,3,11,0,1,1,-1,0,1,1
842,10,2015,C.J. Anderson,DEN,1,2,9,0,1,0,0,0,0.9,0.9
843,10,2015,Antonio Andrews,TEN,1,11,8,0,0,0,0,0,0.8,0.8
844,10,2015,David Johnson,ARI,1,0,0,0,1,1,8,0,0.8,0.8
845,10,2015,Jorvorskie Lane,TB,1,0,0,0,1,1,8,0,0.8,0.8
846,10,2015,Christine Michael,DAL,1,3,8,0,0,0,0,0,0.8,0.8
847,10,2015,Jordan Todman,PIT,1,2,8,0,0,0,0,0,0.8,0.8
848,10,2015,Jerick McKinnon,MIN,1,0,0,0,2,1,7,0,0.7,0.7
849,10,2015,Bishop Sankey,TEN,1,2,7,0,0,0,0,0,0.7,0.7
850,10,2015,Spencer Ware,KC,1,2,4,0,0,0,0,0,0.4,0.4
851,10,2015,Benny Cunningham,STL,1,0,0,0,2,1,2,0,0.2,0.2
852,10,2015,Andre Williams,NYG,1,2,2,0,0,0,0,0,0.2,0.2
853,10,2015,Denard Robinson,JAC,1,1,1,0,2,0,0,0,0.1,0.1
854,10,2015,Rex Burkhead,CIN,1,0,0,0,1,0,0,0,0,0
855,10,2015,Michael Burton,DET,1,1,0,0,0,0,0,0,0,0
856,10,2015,Alonzo Harris,GB,1,0,0,0,1,0,0,0,0,0
857,10,2015,John Kuhn,GB,1,0,0,0,1,0,0,0,0,0
858,10,2015,Marcel Reece,OAK,1,0,0,0,2,1,0,0,0,0
859,10,2015,Juwan Thompson,DEN,1,0,0,0,1,0,0,0,0,0
860,10,2015,Damien Williams,MIA,1,0,0,0,1,0,0,0,0,0
861,10,2015,Isaiah Crowell,CLE,1,6,-5,0,2,1,4,0,-0.1,-0.1
862,10,2015,Stevan Ridley,NYJ,1,3,-1,0,0,0,0,0,-0.1,-0.1
863,10,2015,Brandon Bolden,NE,1,1,-3,0,1,0,0,0,-0.3,-0.3
864,11,2015,Thomas Rawls,SEA,1,30,209,1,3,3,46,1,37.5,37.5
865,11,2015,Doug Martin,TB,1,27,235,0,1,0,0,0,23.5,23.5
866,11,2015,Spencer Ware,KC,1,11,96,2,1,1,5,0,22.1,22.1
867,11,2015,LeSean McCoy,BUF,1,20,82,1,10,6,41,0,18.3,18.3
868,11,2015,Jonathan Stewart,CAR,1,21,102,0,1,1,12,1,17.4,17.4
869,11,2015,Ahmad Bradshaw,IND,1,9,32,0,4,4,20,2,17.2,17.2
870,11,2015,James White,NE,1,2,14,1,3,2,32,1,16.6,16.6
871,11,2015,Jeremy Hill,CIN,1,13,45,2,0,0,0,0,16.5,16.5
872,11,2015,Alfred Blue,HOU,1,21,58,0,3,3,34,1,15.2,15.2
873,11,2015,Darren McFadden,DAL,1,29,129,0,3,3,20,0,14.9,14.9
874,11,2015,Giovani Bernard,CIN,1,6,18,0,10,8,128,0,14.6,14.6
875,11,2015,Patrick DiMarco,ATL,1,0,0,0,4,3,21,2,14.1,14.1
876,11,2015,Charles Sims,TB,1,10,43,0,4,3,26,1,12.9,12.9
877,11,2015,Darren Sproles,PHI,1,6,21,0,7,3,38,1,11.9,11.9
878,11,2015,Javorius Allen,BAL,1,22,67,0,6,5,48,0,11.5,11.5
879,11,2015,Todd Gurley,STL,1,25,66,1,0,0,0,0,10.6,10.6
880,11,2015,Eddie Lacy,GB,1,22,100,0,2,1,6,0,10.6,10.6
881,11,2015,Ronnie Hillman,DEN,1,21,102,0,1,1,2,0,10.4,10.4
882,11,2015,Jeremy Langford,CHI,1,13,25,1,6,3,17,0,10.2,10.2
883,11,2015,Adrian Peterson,MIN,1,13,45,1,2,2,16,0,10.1,10.1
884,11,2015,Antonio Andrews,TEN,1,15,78,0,2,2,16,0,9.4,9.4
885,11,2015,Bilal Powell,NYJ,1,4,22,0,7,5,67,0,8.9,8.9
886,11,2015,Latavius Murray,OAK,1,13,28,1,0,0,0,0,8.8,8.8
887,11,2015,David Johnson,ARI,1,2,9,0,2,2,17,1,8.6,8.6
888,11,2015,Theo Riddick,DET,1,6,14,0,6,5,72,0,8.6,8.6
889,11,2015,T.J. Yeldon,JAC,1,14,54,0,4,3,28,0,8.2,8.2
890,11,2015,Shaun Draughn,SF,1,12,37,0,11,8,40,0,7.7,7.7
891,11,2015,C.J. Anderson,DEN,1,12,59,0,2,2,13,0,7.2,7.2
892,11,2015,DeMarco Murray,PHI,1,13,64,0,5,4,27,0,7.1,7.1
893,11,2015,Mike Tolbert,CAR,1,7,5,0,2,2,5,1,7,7
894,11,2015,Jonathan Grimes,HOU,1,6,37,0,3,3,28,0,6.5,6.5
895,11,2015,Chris Johnson,ARI,1,18,63,0,2,1,2,0,6.5,6.5
896,11,2015,Charcandrick West,KC,1,11,16,0,2,2,48,0,6.4,6.4
897,11,2015,LeGarrette Blount,NE,1,16,56,0,2,1,5,0,6.1,6.1
898,11,2015,Frank Gore,IND,1,14,34,0,5,5,46,0,6,6
899,11,2015,Lamar Miller,MIA,1,7,44,0,3,2,11,0,5.5,5.5
900,11,2015,Melvin Gordon,SD,1,15,37,0,1,1,12,0,4.9,4.9
901,11,2015,Ameer Abdullah,DET,1,12,44,0,2,1,2,0,4.6,4.6
902,11,2015,Chris Ivory,NYJ,1,8,36,0,1,1,9,0,4.5,4.5
903,11,2015,James Starks,GB,1,8,14,0,1,1,30,0,4.4,4.4
904,11,2015,Devonta Freeman,ATL,1,3,43,0,0,0,0,0,4.3,4.3
905,11,2015,Joique Bell,DET,1,6,22,0,1,1,18,0,4,4
906,11,2015,Robert Turbin,DAL,1,7,35,0,2,1,3,0,3.8,3.8
907,11,2015,Kenjon Barner,PHI,1,7,37,0,1,0,0,0,3.7,3.7
908,11,2015,Jay Ajayi,MIA,1,4,13,0,2,2,23,0,3.6,3.6
909,11,2015,Ka'Deem Carey,CHI,1,9,32,0,0,0,0,0,3.2,3.2
910,11,2015,Tevin Coleman,ATL,1,17,48,0,2,0,0,0,2.8,2.8
911,11,2015,Jamize Olawale,OAK,1,4,12,0,1,1,15,0,2.7,2.7
912,11,2015,Denard Robinson,JAC,1,7,27,0,0,0,0,0,2.7,2.7
913,11,2015,Justin Forsett,BAL,1,4,26,0,0,0,0,0,2.6,2.6
914,11,2015,Fred Jackson,SEA,1,4,11,0,2,2,11,0,2.2,2.2
915,11,2015,Benny Cunningham,STL,1,1,0,0,2,1,20,0,2,2
916,11,2015,Dexter McCluster,TEN,1,2,0,0,2,2,18,0,1.8,1.8
917,11,2015,Terron Ward,ATL,1,2,2,0,4,3,16,0,1.8,1.8
918,11,2015,Chris Thompson,WAS,1,4,10,0,4,3,7,0,1.7,1.7
919,11,2015,Danny Woodhead,SD,1,6,7,0,2,1,9,0,1.6,1.6
920,11,2015,Brandon Bolden,NE,1,4,15,0,1,0,0,0,1.5,1.5
921,11,2015,Jerick McKinnon,MIN,1,0,0,0,3,2,15,0,1.5,1.5
922,11,2015,Kyle Juszczyk,BAL,1,2,3,0,5,3,10,0,1.3,1.3
923,11,2015,Karlos Williams,BUF,1,6,11,0,0,0,0,0,1.1,1.1
924,11,2015,Matt Asiata,MIN,1,0,0,0,1,1,9,0,0.9,0.9
925,11,2015,Fozzy Whittaker,CAR,1,2,6,0,1,1,2,0,0.8,0.8
926,11,2015,Rex Burkhead,CIN,1,0,0,0,1,1,7,0,0.7,0.7
927,11,2015,Andre Ellington,ARI,1,2,2,0,2,1,5,0,0.7,0.7
928,11,2015,Zach Line,MIN,1,0,0,0,1,1,7,0,0.7,0.7
929,11,2015,De'Anthony Thomas,KC,1,1,7,0,0,0,0,0,0.7,0.7
930,11,2015,Bobby Rainey,TB,1,1,5,0,0,0,0,0,0.5,0.5
931,11,2015,Akeem Hunt,HOU,1,2,4,0,1,0,0,0,0.4,0.4
932,11,2015,John Kuhn,GB,1,1,4,0,0,0,0,0,0.4,0.4
933,11,2015,Jay Prosch,HOU,1,1,3,0,0,0,0,0,0.3,0.3
934,11,2015,Jalston Fowler,TEN,1,0,0,0,1,1,2,0,0.2,0.2
935,11,2015,Marcel Reece,OAK,1,2,2,0,1,0,0,0,0.2,0.2
936,11,2015,Alfred Morris,WAS,1,2,0,0,0,0,0,0,0,0
937,11,2015,David Cobb,TEN,1,4,-3,0,0,0,0,0,-0.3,-0.3
938,11,2015,Stevan Ridley,NYJ,1,4,0,0,1,1,-5,0,-0.5,-0.5
939,11,2015,Matt Jones,WAS,1,5,0,0,2,2,12,0,-0.8,-0.8
940,12,2015,Adrian Peterson,MIN,1,29,158,2,4,2,29,0,30.7,30.7
941,12,2015,C.J. Anderson,DEN,1,15,113,2,4,4,40,0,27.3,27.3
942,12,2015,Eddie Lacy,GB,1,17,105,0,5,4,34,1,17.9,17.9
943,12,2015,DeAngelo Williams,PIT,1,8,29,1,7,7,88,0,17.7,17.7
944,12,2015,Spencer Ware,KC,1,19,114,1,3,3,1,0,17.5,17.5
945,12,2015,Chris Ivory,NYJ,1,21,87,1,2,2,15,0,16.2,16.2
946,12,2015,Brandon Bolden,NE,1,4,11,0,4,4,84,1,15.5,15.5
947,12,2015,Javorius Allen,BAL,1,12,55,0,5,4,29,1,14.4,14.4
948,12,2015,Joique Bell,DET,1,7,25,1,3,2,57,0,14.2,14.2
949,12,2015,Alfred Blue,HOU,1,16,77,1,1,1,4,0,14.1,14.1
950,12,2015,LeSean McCoy,BUF,1,19,70,0,5,3,31,1,14.1,14.1
951,12,2015,Thomas Rawls,SEA,1,21,81,1,1,0,0,0,14.1,14.1
952,12,2015,Theo Riddick,DET,1,2,6,0,5,5,62,1,12.8,12.8
953,12,2015,Ronnie Hillman,DEN,1,14,59,1,1,1,0,0,11.9,11.9
954,12,2015,Jeremy Langford,CHI,1,12,48,1,3,1,5,0,11.3,11.3
955,12,2015,Jeremy Hill,CIN,1,16,86,0,1,1,14,0,10,10
956,12,2015,Doug Martin,TB,1,14,97,0,3,1,1,0,9.8,9.8
957,12,2015,Mark Ingram,NO,1,9,52,0,8,6,45,0,9.7,9.7
958,12,2015,Tevin Coleman,ATL,1,18,110,0,2,0,0,0,9,9
959,12,2015,Alfred Morris,WAS,1,23,78,0,1,1,12,0,9,9
960,12,2015,David Johnson,ARI,1,8,21,1,4,2,8,0,8.9,8.9
961,12,2015,Shaun Draughn,SF,1,15,51,0,5,5,35,0,8.6,8.6
962,12,2015,Latavius Murray,OAK,1,22,59,0,3,1,23,0,8.2,8.2
963,12,2015,T.J. Yeldon,JAC,1,9,36,0,5,4,46,0,8.2,8.2
964,12,2015,Melvin Gordon,SD,1,14,60,0,5,5,20,0,8,8
965,12,2015,James Starks,GB,1,7,39,0,5,4,41,0,8,8
966,12,2015,Jonathan Stewart,CAR,1,21,68,0,4,3,9,0,7.7,7.7
967,12,2015,Ameer Abdullah,DET,1,16,63,0,2,1,12,0,7.5,7.5
968,12,2015,Giovani Bernard,CIN,1,10,16,0,3,2,51,0,6.7,6.7
969,12,2015,Matt Jones,WAS,1,8,19,0,1,1,45,0,6.4,6.4
970,12,2015,Jalston Fowler,TEN,1,1,1,0,1,1,1,1,6.2,6.2
971,12,2015,Jay Ajayi,MIA,1,3,6,0,6,4,52,0,5.8,5.8
972,12,2015,Darren McFadden,DAL,1,10,11,0,6,4,45,0,5.6,5.6
973,12,2015,Matt Forte,CHI,1,15,44,0,1,1,9,0,5.3,5.3
974,12,2015,Duke Johnson,CLE,1,7,27,0,6,5,23,0,5,5
975,12,2015,Danny Woodhead,SD,1,4,8,0,6,6,39,0,4.7,4.7
976,12,2015,Antonio Andrews,TEN,1,11,32,0,2,1,14,0,4.6,4.6
977,12,2015,Andre Ellington,ARI,1,5,24,0,5,3,22,0,4.6,4.6
978,12,2015,Charles Sims,TB,1,4,8,0,3,3,31,0,3.9,3.9
979,12,2015,Frank Gore,IND,1,19,24,0,3,2,13,0,3.7,3.7
980,12,2015,Terrance West,BAL,1,7,37,0,0,0,0,0,3.7,3.7
981,12,2015,Shane Vereen,NYG,1,2,15,0,5,4,21,0,3.6,3.6
982,12,2015,Tre Mason,STL,1,1,-2,0,7,7,37,0,3.5,3.5
983,12,2015,Bilal Powell,NYJ,1,6,28,0,5,2,7,0,3.5,3.5
984,12,2015,Jonathan Grimes,HOU,1,7,25,0,1,1,8,0,3.3,3.3
985,12,2015,Jerick McKinnon,MIN,1,5,33,0,0,0,0,0,3.3,3.3
986,12,2015,Denard Robinson,JAC,1,3,23,0,1,1,9,0,3.2,3.2
987,12,2015,Kenjon Barner,PHI,1,7,30,0,1,1,1,0,3.1,3.1
988,12,2015,Todd Gurley,STL,1,9,19,0,2,1,11,0,3,3
989,12,2015,DeMarco Murray,PHI,1,14,30,0,0,0,0,0,3,3
990,12,2015,Rashad Jennings,NYG,1,6,14,0,3,2,14,0,2.8,2.8
991,12,2015,LeGarrette Blount,NE,1,9,27,0,0,0,0,0,2.7,2.7
992,12,2015,Chris Polk,HOU,1,6,21,0,1,1,6,0,2.7,2.7
993,12,2015,Ahmad Bradshaw,IND,1,4,6,0,4,3,20,0,2.6,2.6
994,12,2015,Akeem Hunt,HOU,1,3,27,0,1,1,-2,0,2.5,2.5
995,12,2015,Darren Sproles,PHI,1,2,4,0,6,4,21,0,2.5,2.5
996,12,2015,Matt Asiata,MIN,1,1,3,0,3,3,17,0,2,2
997,12,2015,Kyle Juszczyk,BAL,1,0,0,0,4,2,18,0,1.8,1.8
998,12,2015,Benny Cunningham,STL,1,2,12,0,3,1,5,0,1.7,1.7
999,12,2015,Chris Johnson,ARI,1,12,17,0,0,0,0,0,1.7,1.7
1000,12,2015,Jamize Olawale,OAK,1,2,17,0,1,0,0,0,1.7,1.7
1001,12,2015,Will Johnson,PIT,1,0,0,0,2,2,16,0,1.6,1.6
1002,12,2015,Chris Thompson,WAS,1,2,7,0,1,1,9,0,1.6,1.6
1003,12,2015,Mike Tolbert,CAR,1,4,16,0,1,0,0,0,1.6,1.6
1004,12,2015,Terron Ward,ATL,1,5,7,0,2,1,8,0,1.5,1.5
1005,12,2015,Lamar Miller,MIA,1,5,2,0,4,3,11,0,1.3,1.3
1006,12,2015,Jerome Felton,BUF,1,0,0,0,1,1,12,0,1.2,1.2
1007,12,2015,Robert Turbin,DAL,1,2,11,0,1,1,1,0,1.2,1.2
1008,12,2015,Fred Jackson,SEA,1,1,4,0,2,2,7,0,1.1,1.1
1009,12,2015,Damien Williams,MIA,1,0,0,0,4,2,10,0,1,1
1010,12,2015,Rex Burkhead,CIN,1,2,4,0,2,2,4,0,0.8,0.8
1011,12,2015,David Cobb,TEN,1,3,8,0,1,0,0,0,0.8,0.8
1012,12,2015,Anthony Dixon,BUF,1,2,8,0,0,0,0,0,0.8,0.8
1013,12,2015,Zach Line,MIN,1,0,0,0,2,1,8,0,0.8,0.8
1014,12,2015,Isaiah Crowell,CLE,1,7,7,0,0,0,0,0,0.7,0.7
1015,12,2015,Marcel Reece,OAK,1,0,0,0,1,1,7,0,0.7,0.7
1016,12,2015,Roosevelt Nix,PIT,1,0,0,0,1,1,6,0,0.6,0.6
1017,12,2015,Rod Smith,DAL,1,0,0,0,1,1,6,0,0.6,0.6
1018,12,2015,C.J. Spiller,NO,1,1,-2,0,3,2,8,0,0.6,0.6
1019,12,2015,James White,NE,1,3,1,0,5,2,5,0,0.6,0.6
1020,12,2015,Karlos Williams,BUF,1,2,5,0,0,0,0,0,0.5,0.5
1021,12,2015,Roy Helu,OAK,1,2,3,0,0,0,0,0,0.3,0.3
1022,12,2015,Juwan Thompson,DEN,1,1,3,0,0,0,0,0,0.3,0.3
1023,12,2015,Donald Brown,SD,1,3,2,0,2,0,0,0,0.2,0.2
1024,12,2015,Orleans Darkwa,NYG,1,2,2,0,0,0,0,0,0.2,0.2
1025,12,2015,Stepfan Taylor,ARI,1,1,2,0,0,0,0,0,0.2,0.2
1026,12,2015,Derrick Coleman,SEA,1,1,1,0,0,0,0,0,0.1,0.1
1027,12,2015,Knile Davis,KC,1,1,1,0,0,0,0,0,0.1,0.1
1028,12,2015,Stevan Ridley,NYJ,1,2,1,0,0,0,0,0,0.1,0.1
1029,12,2015,Andre Williams,NYG,1,2,1,0,0,0,0,0,0.1,0.1
1030,12,2015,George Winn,DET,1,3,1,0,0,0,0,0,0.1,0.1
1031,12,2015,Tommy Bohanon,NYJ,1,0,0,0,1,0,0,0,0,0
1032,13,2015,Javorius Allen,BAL,1,17,63,0,13,12,107,1,23,23
1033,13,2015,T.J. Yeldon,JAC,1,15,57,1,4,4,79,0,19.6,19.6
1034,13,2015,Matt Forte,CHI,1,21,84,1,5,5,39,0,18.3,18.3
1035,13,2015,David Johnson,ARI,1,22,99,0,3,2,21,1,18,18
1036,13,2015,James White,NE,1,2,4,0,13,10,115,1,17.9,17.9
1037,13,2015,Bilal Powell,NYJ,1,6,17,0,13,8,91,1,16.8,16.8
1038,13,2015,Thomas Rawls,SEA,1,19,101,1,3,3,22,0,16.3,16.3
1039,13,2015,Jeremy Hill,CIN,1,22,98,1,1,0,0,0,15.8,15.8
1040,13,2015,Latavius Murray,OAK,1,20,86,1,6,4,11,0,15.7,15.7
1041,13,2015,Frank Gore,IND,1,13,45,0,5,3,49,1,15.4,15.4
1042,13,2015,Jonathan Stewart,CAR,1,21,82,1,3,3,31,0,15.3,15.3
1043,13,2015,Shaun Draughn,SF,1,13,36,1,6,5,50,0,14.6,14.6
1044,13,2015,DeAngelo Williams,PIT,1,26,134,0,6,5,31,0,14.5,14.5
1045,13,2015,Doug Martin,TB,1,25,95,1,2,1,5,0,14,14
1046,13,2015,Mark Ingram,NO,1,12,56,1,6,4,23,0,13.9,13.9
1047,13,2015,Chris Polk,HOU,1,12,61,0,1,1,11,1,13.2,13.2
1048,13,2015,Antonio Andrews,TEN,1,13,58,1,1,1,10,0,12.8,12.8
1049,13,2015,Kerwynn Williams,ARI,1,6,59,1,0,0,0,0,11.9,11.9
1050,13,2015,LeSean McCoy,BUF,1,21,112,0,1,0,0,0,11.2,11.2
1051,13,2015,Mike Tolbert,CAR,1,2,33,0,3,2,18,1,11.1,11.1
1052,13,2015,Devonta Freeman,ATL,1,14,47,0,11,10,56,0,10.3,10.3
1053,13,2015,Darren Sproles,PHI,1,15,66,0,6,4,34,0,10,10
1054,13,2015,Lamar Miller,MIA,1,20,113,0,2,1,5,0,9.8,9.8
1055,13,2015,Spencer Ware,KC,1,7,26,1,2,2,-1,0,8.5,8.5
1056,13,2015,Darren McFadden,DAL,1,14,53,1,1,1,6,0,7.9,7.9
1057,13,2015,Fred Jackson,SEA,1,1,5,0,2,2,13,1,7.8,7.8
1058,13,2015,Ka'Deem Carey,CHI,1,5,17,1,0,0,0,0,7.7,7.7
1059,13,2015,Charles Sims,TB,1,7,56,0,3,2,21,0,7.7,7.7
1060,13,2015,Jeremy Langford,CHI,1,12,59,0,3,2,9,0,6.8,6.8
1061,13,2015,Ameer Abdullah,DET,1,13,67,0,1,0,0,0,6.7,6.7
1062,13,2015,Isaiah Crowell,CLE,1,11,62,0,1,1,2,0,6.4,6.4
1063,13,2015,James Starks,GB,1,9,15,0,7,5,45,0,6,6
1064,13,2015,Donald Brown,SD,1,7,26,0,1,1,31,0,5.7,5.7
1065,13,2015,Ronnie Hillman,DEN,1,19,56,0,1,0,0,0,5.6,5.6
1066,13,2015,C.J. Anderson,DEN,1,7,42,0,1,1,12,0,5.4,5.4
1067,13,2015,LeGarrette Blount,NE,1,13,54,0,0,0,0,0,5.4,5.4
1068,13,2015,Matt Jones,WAS,1,18,49,0,1,1,5,0,5.4,5.4
1069,13,2015,Chris Ivory,NYJ,1,10,47,0,5,5,22,0,4.9,4.9
1070,13,2015,Mike Gillislee,BUF,1,7,41,0,1,1,5,0,4.6,4.6
1071,13,2015,Charcandrick West,KC,1,9,35,0,3,2,9,0,4.4,4.4
1072,13,2015,Melvin Gordon,SD,1,12,55,0,1,1,8,0,4.3,4.3
1073,13,2015,Jonathan Grimes,HOU,1,5,28,0,2,2,15,0,4.3,4.3
1074,13,2015,Todd Gurley,STL,1,9,41,0,0,0,0,0,4.1,4.1
1075,13,2015,Juwan Thompson,DEN,1,8,27,0,1,1,14,0,4.1,4.1
1076,13,2015,David Cobb,TEN,1,13,40,0,0,0,0,0,4,4
1077,13,2015,Terrance West,BAL,1,8,31,0,1,1,5,0,3.6,3.6
1078,13,2015,Giovani Bernard,CIN,1,5,26,0,1,1,9,0,3.5,3.5
1079,13,2015,Danny Woodhead,SD,1,3,10,0,7,3,24,0,3.4,3.4
1080,13,2015,Orleans Darkwa,NYG,1,8,23,0,2,1,10,0,3.3,3.3
1081,13,2015,Rashad Jennings,NYG,1,5,14,0,2,1,19,0,3.3,3.3
1082,13,2015,Duke Johnson,CLE,1,5,2,0,4,4,30,0,3.2,3.2
1083,13,2015,Theo Riddick,DET,1,1,4,0,6,5,27,0,3.1,3.1
1084,13,2015,Joique Bell,DET,1,8,5,0,2,2,25,0,3,3
1085,13,2015,Kenjon Barner,PHI,1,9,39,0,2,2,7,0,2.6,2.6
1086,13,2015,Brandon Bolden,NE,1,3,22,0,5,1,2,0,2.4,2.4
1087,13,2015,Dan Herron,IND,1,2,8,0,3,3,16,0,2.4,2.4
1088,13,2015,Jerick McKinnon,MIN,1,4,18,0,6,3,6,0,2.4,2.4
1089,13,2015,DeMarco Murray,PHI,1,8,24,0,0,0,0,0,2.4,2.4
1090,13,2015,Adrian Peterson,MIN,1,8,18,0,4,4,6,0,2.4,2.4
1091,13,2015,Chris Thompson,WAS,1,1,6,0,4,4,18,0,2.4,2.4
1092,13,2015,Robert Turbin,DAL,1,6,12,0,2,2,12,0,2.4,2.4
1093,13,2015,Tre Mason,STL,1,2,13,0,2,2,10,0,2.3,2.3
1094,13,2015,Marcel Reece,OAK,1,1,4,0,3,3,19,0,2.3,2.3
1095,13,2015,Denard Robinson,JAC,1,3,21,0,1,1,2,0,2.3,2.3
1096,13,2015,John Crockett,GB,1,5,22,0,0,0,0,0,2.2,2.2
1097,13,2015,Andre Williams,NYG,1,6,22,0,1,0,0,0,2.2,2.2
1098,13,2015,Stepfan Taylor,ARI,1,5,20,0,1,0,0,0,2,2
1099,13,2015,Shane Vereen,NYG,1,4,13,0,3,2,7,0,2,2
1100,13,2015,Patrick DiMarco,ATL,1,0,0,0,2,2,18,0,1.8,1.8
1101,13,2015,Tevin Coleman,ATL,1,3,13,0,1,1,4,0,1.7,1.7
1102,13,2015,Jamize Olawale,OAK,1,2,16,0,2,1,1,0,1.7,1.7
1103,13,2015,Roy Helu,OAK,1,0,0,0,2,1,15,0,1.5,1.5
1104,13,2015,Alfred Blue,HOU,1,4,14,0,0,0,0,0,1.4,1.4
1105,13,2015,Jay Ajayi,MIA,1,4,12,0,0,0,0,0,1.2,1.2
1106,13,2015,Travaris Cadet,SF,1,3,6,0,2,1,6,0,1.2,1.2
1107,13,2015,Alfred Morris,WAS,1,6,12,0,0,0,0,0,1.2,1.2
1108,13,2015,Fitzgerald Toussaint,PIT,1,4,12,0,0,0,0,0,1.2,1.2
1109,13,2015,Fozzy Whittaker,CAR,1,1,11,0,0,0,0,0,1.1,1.1
1110,13,2015,Bruce Miller,SF,1,1,4,0,1,1,4,0,0.8,0.8
1111,13,2015,DuJuan Harris,SEA,1,3,7,0,0,0,0,0,0.7,0.7
1112,13,2015,Akeem Hunt,HOU,1,1,7,0,1,1,0,0,0.7,0.7
1113,13,2015,Zurlon Tipton,IND,1,1,0,0,2,1,7,0,0.7,0.7
1114,13,2015,Rex Burkhead,CIN,1,1,2,0,2,1,4,0,0.6,0.6
1115,13,2015,Anthony Dixon,BUF,1,1,6,0,0,0,0,0,0.6,0.6
1116,13,2015,Damien Williams,MIA,1,1,1,0,1,1,5,0,0.6,0.6
1117,13,2015,Stevan Ridley,NYJ,1,3,4,0,0,0,0,0,0.4,0.4
1118,13,2015,Will Tukuafu,SEA,1,1,4,0,0,0,0,0,0.4,0.4
1119,13,2015,Tim Hightower,NO,1,1,2,0,0,0,0,0,0.2,0.2
1120,13,2015,Eddie Lacy,GB,1,5,4,0,1,1,-3,0,0.1,0.1
1121,13,2015,Benny Cunningham,STL,1,0,0,0,1,0,0,0,0,0
1122,13,2015,Roosevelt Nix,PIT,1,0,0,0,1,0,0,0,0,0
1123,13,2015,Bishop Sankey,TEN,1,0,0,0,1,0,0,0,0,0
1124,13,2015,Anthony Sherman,KC,1,0,0,0,1,0,0,0,0,0
1125,13,2015,C.J. Spiller,NO,1,0,0,0,2,1,0,0,0,0
1126,13,2015,Matt Asiata,MIN,1,2,-1,0,1,0,0,0,-0.1,-0.1
1127,13,2015,Kyle Juszczyk,BAL,1,0,0,0,2,1,-2,0,-0.2,-0.2
1128,14,2015,Isaiah Crowell,CLE,1,20,145,2,1,1,9,0,27.4,27.4
1129,14,2015,Todd Gurley,STL,1,16,140,2,2,1,7,0,26.7,26.7
1130,14,2015,James Starks,GB,1,11,71,1,4,4,32,1,22.3,22.3
1131,14,2015,DeAngelo Williams,PIT,1,23,76,2,2,2,15,0,21.1,21.1
1132,14,2015,Lamar Miller,MIA,1,12,89,2,0,0,0,0,20.9,20.9
1133,14,2015,Eddie Lacy,GB,1,24,124,1,1,1,24,0,20.8,20.8
1134,14,2015,Tim Hightower,NO,1,28,85,1,1,1,10,0,15.5,15.5
1135,14,2015,Jonathan Stewart,CAR,1,10,75,1,1,1,14,0,14.9,14.9
1136,14,2015,Denard Robinson,JAC,1,14,75,1,2,1,12,0,14.7,14.7
1137,14,2015,Doug Martin,TB,1,11,81,1,3,1,5,0,14.6,14.6
1138,14,2015,Bilal Powell,NYJ,1,3,36,0,5,5,46,1,14.2,14.2
1139,14,2015,Adrian Peterson,MIN,1,23,69,1,1,1,17,0,12.6,12.6
1140,14,2015,David Johnson,ARI,1,19,92,0,7,5,31,0,12.3,12.3
1141,14,2015,Matt Forte,CHI,1,10,45,1,2,1,8,0,11.3,11.3
1142,14,2015,Darren McFadden,DAL,1,9,111,0,2,0,0,0,11.1,11.1
1143,14,2015,Robert Turbin,DAL,1,7,51,1,0,0,0,0,11.1,11.1
1144,14,2015,LeSean McCoy,BUF,1,20,74,0,7,4,35,0,10.9,10.9
1145,14,2015,Chris Ivory,NYJ,1,22,101,0,2,1,6,0,10.7,10.7
1146,14,2015,Darren Sproles,PHI,1,7,41,1,3,2,4,0,10.5,10.5
1147,14,2015,Rashad Jennings,NYG,1,22,81,0,2,2,21,0,10.2,10.2
1148,14,2015,James White,NE,1,1,2,1,6,4,38,0,10,10
1149,14,2015,Mike Gillislee,BUF,1,3,24,1,1,1,6,0,9,9
1150,14,2015,Fozzy Whittaker,CAR,1,8,34,1,1,1,-6,0,8.8,8.8
1151,14,2015,Matt Jones,WAS,1,18,62,0,3,2,24,0,8.6,8.6
1152,14,2015,Duke Johnson,CLE,1,13,78,0,3,1,6,0,8.4,8.4
1153,14,2015,Alfred Morris,WAS,1,11,24,1,1,0,0,0,8.4,8.4
1154,14,2015,Joique Bell,DET,1,7,50,0,2,2,25,0,7.5,7.5
1155,14,2015,Charles Sims,TB,1,5,10,0,8,6,64,0,7.4,7.4
1156,14,2015,Giovani Bernard,CIN,1,6,40,0,5,3,27,0,6.7,6.7
1157,14,2015,Rex Burkhead,CIN,1,0,0,0,1,1,5,1,6.5,6.5
1158,14,2015,Jeremy Langford,CHI,1,11,37,0,7,3,27,0,6.4,6.4
1159,14,2015,Melvin Gordon,SD,1,14,35,0,4,4,28,0,6.3,6.3
1160,14,2015,T.J. Yeldon,JAC,1,11,62,0,1,1,1,0,6.3,6.3
1161,14,2015,Jonathan Grimes,HOU,1,7,53,0,2,2,9,0,6.2,6.2
1162,14,2015,Theo Riddick,DET,1,3,18,0,11,7,44,0,6.2,6.2
1163,14,2015,Ronnie Hillman,DEN,1,12,20,0,9,7,41,0,6.1,6.1
1164,14,2015,Frank Gore,IND,1,16,60,0,5,1,-1,0,5.9,5.9
1165,14,2015,Zurlon Tipton,IND,1,1,7,0,5,4,50,0,5.7,5.7
1166,14,2015,Charcandrick West,KC,1,10,54,0,1,0,0,0,5.4,5.4
1167,14,2015,LeGarrette Blount,NE,1,10,53,0,0,0,0,0,5.3,5.3
1168,14,2015,Spencer Ware,KC,1,8,52,0,0,0,0,0,5.2,5.2
1169,14,2015,Brandon Bolden,NE,1,16,51,0,0,0,0,0,5.1,5.1
1170,14,2015,Shaun Draughn,SF,1,11,43,0,3,2,8,0,5.1,5.1
1171,14,2015,Dexter McCluster,TEN,1,4,12,0,5,4,38,0,5,5
1172,14,2015,Chris Polk,HOU,1,11,34,0,2,2,14,0,4.8,4.8
1173,14,2015,Ameer Abdullah,DET,1,7,23,0,2,2,21,0,4.4,4.4
1174,14,2015,Thomas Rawls,SEA,1,6,44,0,0,0,0,0,4.4,4.4
1175,14,2015,Devonta Freeman,ATL,1,12,40,0,5,3,22,0,4.2,4.2
1176,14,2015,Ryan Mathews,PHI,1,13,38,0,2,2,4,0,4.2,4.2
1177,14,2015,Javorius Allen,BAL,1,8,14,0,9,5,44,0,3.8,3.8
1178,14,2015,DeMarco Murray,PHI,1,11,34,0,2,2,3,0,3.7,3.7
1179,14,2015,Travaris Cadet,SF,1,2,6,0,2,2,28,0,3.4,3.4
1180,14,2015,Matt Asiata,MIN,1,0,0,0,2,2,30,0,3,3
1181,14,2015,Mike Tolbert,CAR,1,6,17,0,2,2,13,0,3,3
1182,14,2015,Juwan Thompson,DEN,1,5,8,0,6,4,21,0,2.9,2.9
1183,14,2015,Latavius Murray,OAK,1,16,27,0,1,0,0,0,2.7,2.7
1184,14,2015,Jeremy Hill,CIN,1,7,16,0,2,2,8,0,2.4,2.4
1185,14,2015,Zach Line,MIN,1,0,0,0,1,1,24,0,2.4,2.4
1186,14,2015,Fred Jackson,SEA,1,7,15,0,4,1,8,0,2.3,2.3
1187,14,2015,Stevan Ridley,NYJ,1,6,23,0,0,0,0,0,2.3,2.3
1188,14,2015,Benny Cunningham,STL,1,3,14,0,1,1,8,0,2.2,2.2
1189,14,2015,DuJuan Harris,SEA,1,18,42,0,0,0,0,0,2.2,2.2
1190,14,2015,Dan Herron,IND,1,4,16,0,2,2,5,0,2.1,2.1
1191,14,2015,Derrick Coleman,SEA,1,1,19,0,0,0,0,0,1.9,1.9
1192,14,2015,Orleans Darkwa,NYG,1,3,10,0,1,1,6,0,1.6,1.6
1193,14,2015,John Kuhn,GB,1,1,2,0,2,1,14,0,1.6,1.6
1194,14,2015,Terrance West,BAL,1,5,16,0,0,0,0,0,1.6,1.6
1195,14,2015,Jay Ajayi,MIA,1,5,15,0,0,0,0,0,1.5,1.5
1196,14,2015,Tevin Coleman,ATL,1,3,15,0,1,0,0,0,1.5,1.5
1197,14,2015,Patrick DiMarco,ATL,1,0,0,0,3,2,15,0,1.5,1.5
1198,14,2015,Antonio Andrews,TEN,1,4,8,0,2,1,6,0,1.4,1.4
1199,14,2015,Danny Woodhead,SD,1,3,5,0,6,3,8,0,1.3,1.3
1200,14,2015,Michael Burton,DET,1,0,0,0,1,1,12,0,1.2,1.2
1201,14,2015,Pierre Thomas,WAS,1,0,0,0,1,1,12,0,1.2,1.2
1202,14,2015,Damien Williams,MIA,1,0,0,0,3,2,11,0,1.1,1.1
1203,14,2015,Shane Vereen,NYG,1,1,0,0,2,1,10,0,1,1
1204,14,2015,C.J. Spiller,NO,1,3,2,0,3,3,7,0,0.9,0.9
1205,14,2015,Tre Mason,STL,1,4,7,0,2,2,1,0,0.8,0.8
1206,14,2015,Jerick McKinnon,MIN,1,0,0,0,1,1,8,0,0.8,0.8
1207,14,2015,Knile Davis,KC,1,1,6,0,0,0,0,0,0.6,0.6
1208,14,2015,Stepfan Taylor,ARI,1,1,0,0,1,1,4,0,0.4,0.4
1209,14,2015,Bruce Miller,SF,1,1,3,0,0,0,0,0,0.3,0.3
1210,14,2015,Andre Williams,NYG,1,3,3,0,0,0,0,0,0.3,0.3
1211,14,2015,Tommy Bohanon,NYJ,1,0,0,0,2,1,2,0,0.2,0.2
1212,14,2015,Taiwan Jones,OAK,1,1,2,0,0,0,0,0,0.2,0.2
1213,14,2015,Marcel Reece,OAK,1,2,2,0,0,0,0,0,0.2,0.2
1214,14,2015,Kerwynn Williams,ARI,1,6,2,0,0,0,0,0,0.2,0.2
1215,14,2015,Darrel Young,WAS,1,0,0,0,1,1,2,0,0.2,0.2
1216,14,2015,David Cobb,TEN,1,2,1,0,0,0,0,0,0.1,0.1
1217,14,2015,Akeem Hunt,HOU,1,1,1,0,0,0,0,0,0.1,0.1
1218,14,2015,Kyle Juszczyk,BAL,1,0,0,0,1,0,0,0,0,0
1219,14,2015,Marcus Murphy,NO,1,1,0,0,0,0,0,0,0,0
1220,14,2015,Marcus Thigpen,BUF,1,0,0,0,0,0,0,0,-2,-2
1221,14,2015,Glenn Winston,CLE,1,1,-8,0,0,0,0,0,-2.8,-2.8
1222,15,2015,David Johnson,ARI,1,29,187,3,4,4,42,0,40.9,40.9
1223,15,2015,Danny Woodhead,SD,1,8,10,1,6,6,50,3,30,30
1224,15,2015,Matt Forte,CHI,1,8,47,0,7,6,57,1,16.4,16.4
1225,15,2015,Joique Bell,DET,1,8,71,1,3,2,30,0,16.1,16.1
1226,15,2015,Devonta Freeman,ATL,1,25,56,1,10,7,45,0,16.1,16.1
1227,15,2015,Rashad Jennings,NYG,1,16,107,1,3,1,0,0,14.7,14.7
1228,15,2015,Jerick McKinnon,MIN,1,7,10,0,4,4,76,1,14.6,14.6
1229,15,2015,Charcandrick West,KC,1,16,76,1,2,2,9,0,14.5,14.5
1230,15,2015,Mike Gillislee,BUF,1,4,81,1,2,2,2,0,14.3,14.3
1231,15,2015,Todd Gurley,STL,1,21,48,1,2,2,31,0,13.9,13.9
1232,15,2015,Bilal Powell,NYJ,1,6,25,1,7,7,54,0,13.9,13.9
1233,15,2015,James White,NE,1,1,6,0,8,7,71,1,13.7,13.7
1234,15,2015,Shane Vereen,NYG,1,4,29,0,10,8,43,1,13.2,13.2
1235,15,2015,Jeremy Hill,CIN,1,19,31,2,1,0,0,0,13.1,13.1
1236,15,2015,Ameer Abdullah,DET,1,9,77,1,2,2,12,0,12.9,12.9
1237,15,2015,DeAngelo Williams,PIT,1,14,26,1,6,5,30,0,11.6,11.6
1238,15,2015,Darren McFadden,DAL,1,16,100,0,3,2,13,0,11.3,11.3
1239,15,2015,Donald Brown,SD,1,12,90,0,3,2,14,0,10.4,10.4
1240,15,2015,Jay Ajayi,MIA,1,6,27,1,3,1,15,0,10.2,10.2
1241,15,2015,Doug Martin,TB,1,18,91,0,2,1,6,0,9.7,9.7
1242,15,2015,Cameron Artis-Payne,CAR,1,14,59,0,2,2,34,0,9.3,9.3
1243,15,2015,Alfred Blue,HOU,1,20,107,0,0,0,0,0,8.7,8.7
1244,15,2015,Kyle Juszczyk,BAL,1,0,0,0,6,5,26,1,8.6,8.6
1245,15,2015,Tim Hightower,NO,1,13,54,0,4,3,31,0,8.5,8.5
1246,15,2015,Duke Johnson,CLE,1,4,46,0,5,5,39,0,8.5,8.5
1247,15,2015,Christine Michael,SEA,1,16,84,0,0,0,0,0,8.4,8.4
1248,15,2015,Alfred Morris,WAS,1,14,84,0,0,0,0,0,8.4,8.4
1249,15,2015,Latavius Murray,OAK,1,21,78,0,2,1,2,0,8,8
1250,15,2015,Denard Robinson,JAC,1,14,28,0,10,8,46,0,7.4,7.4
1251,15,2015,Bruce Miller,SF,1,2,3,1,1,1,10,0,7.3,7.3
1252,15,2015,John Kuhn,GB,1,3,12,1,1,0,0,0,7.2,7.2
1253,15,2015,Charles Sims,TB,1,7,50,0,3,3,22,0,7.2,7.2
1254,15,2015,Antonio Andrews,TEN,1,14,45,0,6,5,25,0,7,7
1255,15,2015,Michael Burton,DET,1,0,0,0,2,2,10,1,7,7
1256,15,2015,Zach Line,MIN,1,1,3,0,2,1,4,1,6.7,6.7
1257,15,2015,Adrian Peterson,MIN,1,18,63,0,0,0,0,0,6.3,6.3
1258,15,2015,Frank Gore,IND,1,16,44,0,2,1,15,0,5.9,5.9
1259,15,2015,Jeremy Langford,CHI,1,11,46,0,3,1,11,0,5.7,5.7
1260,15,2015,Brandon Bolden,NE,1,10,36,0,3,2,18,0,5.4,5.4
1261,15,2015,Kendall Gaskins,SF,1,2,0,0,7,6,52,0,5.2,5.2
1262,15,2015,Giovani Bernard,CIN,1,14,33,0,4,4,18,0,5.1,5.1
1263,15,2015,Joey Iosefa,NE,1,14,51,0,0,0,0,0,5.1,5.1
1264,15,2015,Melvin Gordon,SD,1,15,41,0,1,1,6,0,4.7,4.7
1265,15,2015,Terrance West,BAL,1,7,35,0,2,2,11,0,4.6,4.6
1266,15,2015,Kerwynn Williams,ARI,1,6,34,0,1,1,12,0,4.6,4.6
1267,15,2015,Bryce Brown,SEA,1,9,43,0,1,0,0,0,4.3,4.3
1268,15,2015,Shaun Draughn,SF,1,9,38,0,2,1,4,0,4.2,4.2
1269,15,2015,Chris Ivory,NYJ,1,13,37,0,2,1,5,0,4.2,4.2
1270,15,2015,Ryan Mathews,PHI,1,11,58,0,2,1,3,0,4.1,4.1
1271,15,2015,Karlos Williams,BUF,1,4,41,0,1,0,0,0,4.1,4.1
1272,15,2015,LeSean McCoy,BUF,1,10,29,0,1,1,8,0,3.7,3.7
1273,15,2015,Marcel Reece,OAK,1,0,0,0,3,3,37,0,3.7,3.7
1274,15,2015,Travaris Cadet,SF,1,2,4,0,6,4,32,0,3.6,3.6
1275,15,2015,Matt Jones,WAS,1,10,28,0,3,1,8,0,3.6,3.6
1276,15,2015,James Starks,GB,1,9,51,0,1,1,5,0,3.6,3.6
1277,15,2015,Matt Asiata,MIN,1,5,28,0,2,1,6,0,3.4,3.4
1278,15,2015,Akeem Hunt,HOU,1,5,26,0,2,2,8,0,3.4,3.4
1279,15,2015,Isaiah Crowell,CLE,1,9,23,0,3,3,7,0,3,3
1280,15,2015,Theo Riddick,DET,1,2,3,0,2,2,27,0,3,3
1281,15,2015,Ronnie Hillman,DEN,1,14,48,0,0,0,0,0,2.8,2.8
1282,15,2015,Darren Sproles,PHI,1,6,9,0,4,3,16,0,2.5,2.5
1283,15,2015,Lamar Miller,MIA,1,9,12,0,2,2,12,0,2.4,2.4
1284,15,2015,Tevin Coleman,ATL,1,4,23,0,0,0,0,0,2.3,2.3
1285,15,2015,Eddie Lacy,GB,1,11,23,0,0,0,0,0,2.3,2.3
1286,15,2015,Bishop Sankey,TEN,1,0,0,0,3,3,23,0,2.3,2.3
1287,15,2015,Andre Williams,NYG,1,6,21,0,0,0,0,0,2.1,2.1
1288,15,2015,C.J. Anderson,DEN,1,4,14,0,3,1,6,0,2,2
1289,15,2015,Ka'Deem Carey,CHI,1,0,0,0,2,2,18,0,1.8,1.8
1290,15,2015,C.J. Spiller,NO,1,2,2,0,5,2,16,0,1.8,1.8
1291,15,2015,Fred Jackson,SEA,1,0,0,0,3,2,17,0,1.7,1.7
1292,15,2015,Fozzy Whittaker,CAR,1,2,2,0,2,2,14,0,1.6,1.6
1293,15,2015,Knile Davis,KC,1,5,14,0,0,0,0,0,1.4,1.4
1294,15,2015,Tre Mason,STL,1,3,13,0,0,0,0,0,1.3,1.3
1295,15,2015,Damien Williams,MIA,1,1,1,0,2,2,11,0,1.2,1.2
1296,15,2015,Stepfan Taylor,ARI,1,2,11,0,0,0,0,0,1.1,1.1
1297,15,2015,Derrick Coleman,SEA,1,5,10,0,0,0,0,0,1,1
1298,15,2015,Mike Tolbert,CAR,1,5,10,0,0,0,0,0,1,1
1299,15,2015,David Cobb,TEN,1,4,9,0,0,0,0,0,0.9,0.9
1300,15,2015,Anthony Dixon,BUF,1,1,5,0,1,1,4,0,0.9,0.9
1301,15,2015,Benny Cunningham,STL,1,2,8,0,0,0,0,0,0.8,0.8
1302,15,2015,Jalston Fowler,TEN,1,1,0,0,1,1,8,0,0.8,0.8
1303,15,2015,Terrence Magee,BAL,1,2,5,0,1,1,2,0,0.7,0.7
1304,15,2015,Dan Herron,IND,1,0,0,0,1,1,6,0,0.6,0.6
1305,15,2015,Austin Johnson,NO,1,0,0,0,1,1,6,0,0.6,0.6
1306,15,2015,Chris Polk,HOU,1,4,6,0,0,0,0,0,0.6,0.6
1307,15,2015,Darrel Young,WAS,1,0,0,0,1,1,6,0,0.6,0.6
1308,15,2015,Zurlon Tipton,IND,1,1,4,0,0,0,0,0,0.4,0.4
1309,15,2015,DeMarco Murray,PHI,1,2,3,0,0,0,0,0,0.3,0.3
1310,15,2015,Kendall Hunter,NO,1,1,2,0,0,0,0,0,0.2,0.2
1311,15,2015,Jay Prosch,HOU,1,1,2,0,0,0,0,0,0.2,0.2
1312,15,2015,Jonathan Grimes,HOU,1,1,1,0,0,0,0,0,0.1,0.1
1313,15,2015,Stevan Ridley,NYJ,1,2,-2,0,2,1,3,0,0.1,0.1
1314,15,2015,Robert Turbin,DAL,1,3,1,0,0,0,0,0,0.1,0.1
1315,15,2015,Marcus Thigpen,BUF,1,1,-1,0,0,0,0,0,-0.1,-0.1
1316,15,2015,Javorius Allen,BAL,1,4,18,0,1,0,0,0,-0.2,-0.2
1317,16,2015,Tim Hightower,NO,1,27,122,2,3,3,47,0,28.9,28.9
1318,16,2015,DeAngelo Williams,PIT,1,17,100,2,6,6,53,0,25.3,25.3
1319,16,2015,Jerick McKinnon,MIN,1,7,89,2,3,2,8,0,21.7,21.7
1320,16,2015,Frank Gore,IND,1,15,85,2,4,2,10,0,21.5,21.5
1321,16,2015,David Johnson,ARI,1,9,39,1,6,3,88,0,18.7,18.7
1322,16,2015,Adrian Peterson,MIN,1,22,104,1,2,1,15,0,17.9,17.9
1323,16,2015,Latavius Murray,OAK,1,19,79,1,5,5,38,0,17.7,17.7
1324,16,2015,Charles Sims,TB,1,4,45,0,5,3,72,1,17.7,17.7
1325,16,2015,Javorius Allen,BAL,1,18,79,1,5,5,35,0,17.4,17.4
1326,16,2015,Mike Gillislee,BUF,1,9,93,1,2,2,16,0,16.9,16.9
1327,16,2015,Todd Gurley,STL,1,19,85,1,1,1,7,0,15.2,15.2
1328,16,2015,Devonta Freeman,ATL,1,22,73,1,5,3,17,0,15,15
1329,16,2015,Isaiah Crowell,CLE,1,16,88,1,0,0,0,0,14.8,14.8
1330,16,2015,Eddie Lacy,GB,1,12,60,0,2,1,28,1,14.8,14.8
1331,16,2015,Ka'Deem Carey,CHI,1,7,16,1,1,1,1,1,13.7,13.7
1332,16,2015,Karlos Williams,BUF,1,17,76,1,2,2,21,0,13.7,13.7
1333,16,2015,Rashad Jennings,NYG,1,14,74,0,3,2,62,0,13.6,13.6
1334,16,2015,Travaris Cadet,NO,1,1,6,0,5,3,69,1,13.5,13.5
1335,16,2015,Lamar Miller,MIA,1,15,31,1,6,5,36,0,12.7,12.7
1336,16,2015,C.J. Anderson,DEN,1,9,73,1,2,1,8,0,12.1,12.1
1337,16,2015,DeMarco Murray,PHI,1,5,27,1,4,3,24,0,11.1,11.1
1338,16,2015,Donald Brown,SD,1,14,17,1,4,3,33,0,11,11
1339,16,2015,Danny Woodhead,SD,1,11,55,0,10,8,53,0,10.8,10.8
1340,16,2015,Darren McFadden,DAL,1,19,99,0,1,1,-1,0,9.8,9.8
1341,16,2015,James White,NE,1,2,4,0,5,5,28,1,9.2,9.2
1342,16,2015,Bilal Powell,NYJ,1,7,56,0,7,5,34,0,9,9
1343,16,2015,Pierre Thomas,WAS,1,4,22,0,8,7,67,0,8.9,8.9
1344,16,2015,DuJuan Harris,SF,1,11,73,0,2,1,11,0,8.4,8.4
1345,16,2015,Jeremy Langford,CHI,1,19,83,0,2,0,0,0,8.3,8.3
1346,16,2015,Theo Riddick,DET,1,7,20,0,8,7,63,0,8.3,8.3
1347,16,2015,Joique Bell,DET,1,7,13,1,3,2,9,0,8.2,8.2
1348,16,2015,Ryan Mathews,PHI,1,4,5,1,3,2,13,0,7.8,7.8
1349,16,2015,Matt Forte,CHI,1,11,54,0,4,3,23,0,7.7,7.7
1350,16,2015,Doug Martin,TB,1,17,49,1,3,1,6,0,7.5,7.5
1351,16,2015,Ronnie Hillman,DEN,1,9,35,0,4,4,37,0,7.2,7.2
1352,16,2015,Chris Thompson,WAS,1,0,0,0,1,1,12,1,7.2,7.2
1353,16,2015,Denard Robinson,JAC,1,6,20,0,7,5,51,0,7.1,7.1
1354,16,2015,Darren Sproles,PHI,1,5,9,0,9,7,56,0,6.5,6.5
1355,16,2015,Jeremy Hill,CIN,1,19,63,0,2,2,-2,0,6.1,6.1
1356,16,2015,Charcandrick West,KC,1,14,62,0,1,1,-1,0,6.1,6.1
1357,16,2015,Brandon Bolden,NE,1,9,30,0,7,5,30,0,6,6
1358,16,2015,Cameron Artis-Payne,CAR,1,5,49,0,1,1,7,0,5.6,5.6
1359,16,2015,Kyle Juszczyk,BAL,1,0,0,0,7,5,55,0,5.5,5.5
1360,16,2015,Fred Jackson,SEA,1,2,11,0,8,5,43,0,5.4,5.4
1361,16,2015,Bishop Sankey,TEN,1,2,11,0,4,3,43,0,5.4,5.4
1362,16,2015,Alfred Blue,HOU,1,15,45,0,1,1,5,0,5,5
1363,16,2015,Alfred Morris,WAS,1,17,49,0,1,0,0,0,4.9,4.9
1364,16,2015,Ameer Abdullah,DET,1,8,39,0,4,4,9,0,4.8,4.8
1365,16,2015,Jarryd Hayne,SF,1,9,27,0,6,5,20,0,4.7,4.7
1366,16,2015,Andre Ellington,ARI,1,7,40,0,1,1,5,0,4.5,4.5
1367,16,2015,Giovani Bernard,CIN,1,8,14,0,5,4,29,0,4.3,4.3
1368,16,2015,Chris Ivory,NYJ,1,11,38,0,4,4,4,0,4.2,4.2
1369,16,2015,Terrance West,BAL,1,13,42,0,0,0,0,0,4.2,4.2
1370,16,2015,Duke Johnson,CLE,1,8,26,0,4,3,15,0,4.1,4.1
1371,16,2015,Chris Polk,HOU,1,11,38,0,0,0,0,0,3.8,3.8
1372,16,2015,Fozzy Whittaker,CAR,1,5,32,0,2,2,6,0,3.8,3.8
1373,16,2015,Stevan Ridley,NYJ,1,7,36,0,0,0,0,0,3.6,3.6
1374,16,2015,Damien Williams,MIA,1,0,0,0,3,3,33,0,3.3,3.3
1375,16,2015,Jonas Gray,JAC,1,5,31,0,0,0,0,0,3.1,3.1
1376,16,2015,Mike Tolbert,CAR,1,2,12,0,3,2,17,0,2.9,2.9
1377,16,2015,Kerwynn Williams,ARI,1,8,44,0,1,1,4,0,2.8,2.8
1378,16,2015,Jonathan Grimes,HOU,1,6,25,0,0,0,0,0,2.5,2.5
1379,16,2015,Orleans Darkwa,NYG,1,1,9,0,1,1,15,0,2.4,2.4
1380,16,2015,Shane Vereen,NYG,1,1,3,0,5,2,21,0,2.4,2.4
1381,16,2015,Jay Ajayi,MIA,1,9,23,0,0,0,0,0,2.3,2.3
1382,16,2015,Robert Turbin,DAL,1,5,23,0,1,0,0,0,2.3,2.3
1383,16,2015,Christine Michael,SEA,1,6,6,0,2,2,14,0,2,2
1384,16,2015,Austin Johnson,NO,1,0,0,0,3,2,19,0,1.9,1.9
1385,16,2015,David Cobb,TEN,1,7,18,0,1,1,-2,0,1.6,1.6
1386,16,2015,Steven Jackson,NE,1,7,15,0,0,0,0,0,1.5,1.5
1387,16,2015,Spencer Ware,KC,1,5,15,0,0,0,0,0,1.5,1.5
1388,16,2015,Matt Asiata,MIN,1,5,14,0,1,0,0,0,1.4,1.4
1389,16,2015,Benny Cunningham,STL,1,1,0,0,3,3,14,0,1.4,1.4
1390,16,2015,Dan Herron,IND,1,6,14,0,0,0,0,0,1.4,1.4
1391,16,2015,Kendall Gaskins,SF,1,2,12,0,0,0,0,0,1.2,1.2
1392,16,2015,Bryce Brown,SEA,1,7,9,0,1,0,0,0,0.9,0.9
1393,16,2015,Akeem Hunt,HOU,1,2,3,0,2,1,6,0,0.9,0.9
1394,16,2015,Rex Burkhead,CIN,1,0,0,0,1,1,8,0,0.8,0.8
1395,16,2015,Tre Mason,STL,1,3,3,0,1,1,3,0,0.6,0.6
1396,16,2015,Fitzgerald Toussaint,PIT,1,2,6,0,0,0,0,0,0.6,0.6
1397,16,2015,Taiwan Jones,OAK,1,0,0,0,2,1,5,0,0.5,0.5
1398,16,2015,Andre Williams,NYG,1,3,5,0,0,0,0,0,0.5,0.5
1399,16,2015,John Kuhn,GB,1,1,3,0,0,0,0,0,0.3,0.3
1400,16,2015,Zach Line,MIN,1,1,3,0,0,0,0,0,0.3,0.3
1401,16,2015,Marcel Reece,OAK,1,0,0,0,3,2,3,0,0.3,0.3
1402,16,2015,Terron Ward,ATL,1,2,3,0,0,0,0,0,0.3,0.3
1403,16,2015,Joey Iosefa,NE,1,1,0,0,0,0,0,0,0,0
1404,16,2015,Will Johnson,PIT,1,0,0,0,1,0,0,0,0,0
1405,16,2015,Bruce Miller,SF,1,0,0,0,1,0,0,0,0,0
1406,16,2015,John Crockett,GB,1,4,-1,0,0,0,0,0,-0.1,-0.1
1407,16,2015,Kenjon Barner,PHI,1,0,0,0,3,1,-7,0,-0.7,-0.7
1408,16,2015,James Starks,GB,1,3,11,0,0,0,0,0,-0.9,-0.9
1409,16,2015,Antonio Andrews,TEN,1,2,1,0,2,0,0,0,-1.9,-1.9
1410,16,2015,Will Tukuafu,SEA,1,1,-5,0,0,0,0,0,-2.5,-2.5
1411,17,2015,Rashad Jennings,NYG,1,27,170,1,5,2,6,0,23.6,23.6
1412,17,2015,Ronnie Hillman,DEN,1,15,117,1,3,2,10,0,18.7,18.7
1413,17,2015,Jeremy Hill,CIN,1,16,96,1,3,2,19,0,17.5,17.5
1414,17,2015,Jonathan Grimes,HOU,1,4,26,1,5,4,28,1,17.4,17.4
1415,17,2015,Matt Forte,CHI,1,17,76,0,3,3,34,1,17,17
1416,17,2015,Tim Hightower,NO,1,16,66,1,5,5,41,0,16.7,16.7
1417,17,2015,DuJuan Harris,SF,1,16,67,0,12,8,86,0,15.3,15.3
1418,17,2015,Devonta Freeman,ATL,1,24,81,0,4,2,18,1,13.9,13.9
1419,17,2015,Spencer Ware,KC,1,16,76,1,0,0,0,0,13.6,13.6
1420,17,2015,David Cobb,TEN,1,19,73,1,0,0,0,0,13.3,13.3
1421,17,2015,C.J. Anderson,DEN,1,15,95,1,3,1,-5,0,13,13
1422,17,2015,Adrian Peterson,MIN,1,19,67,1,1,1,1,0,12.8,12.8
1423,17,2015,Darren McFadden,DAL,1,12,92,0,8,5,53,0,12.5,12.5
1424,17,2015,Cameron Artis-Payne,CAR,1,14,44,1,2,2,17,0,12.1,12.1
1425,17,2015,Steven Jackson,NE,1,14,35,1,1,1,20,0,11.5,11.5
1426,17,2015,DeMarco Murray,PHI,1,12,69,1,1,0,0,0,10.9,10.9
1427,17,2015,Doug Martin,TB,1,15,48,0,7,7,60,0,10.8,10.8
1428,17,2015,Alfred Blue,HOU,1,21,102,0,1,1,2,0,10.4,10.4
1429,17,2015,Tre Mason,STL,1,18,44,1,0,0,0,0,10.4,10.4
1430,17,2015,Darren Sproles,PHI,1,3,24,1,3,3,20,0,10.4,10.4
1431,17,2015,Christine Michael,SEA,1,17,102,0,1,0,0,0,10.2,10.2
1432,17,2015,Alfred Morris,WAS,1,19,100,0,0,0,0,0,10,10
1433,17,2015,Donald Brown,SD,1,21,81,0,3,2,10,0,9.1,9.1
1434,17,2015,Charles Sims,TB,1,4,15,0,11,9,74,0,8.9,8.9
1435,17,2015,Karlos Williams,BUF,1,6,24,1,3,3,3,0,8.7,8.7
1436,17,2015,Shane Vereen,NYG,1,4,12,0,8,6,72,0,8.4,8.4
1437,17,2015,Chris Ivory,NYJ,1,6,81,0,0,0,0,0,8.1,8.1
1438,17,2015,Bryce Brown,SEA,1,10,20,1,0,0,0,0,8,8
1439,17,2015,Kyle Juszczyk,BAL,1,0,0,0,2,2,18,1,7.8,7.8
1440,17,2015,Frank Gore,IND,1,19,76,0,4,0,0,0,7.6,7.6
1441,17,2015,Benny Cunningham,STL,1,4,38,0,3,3,34,0,7.2,7.2
1442,17,2015,Javorius Allen,BAL,1,15,38,0,10,6,32,0,7,7
1443,17,2015,James White,NE,1,3,5,0,3,2,63,0,6.8,6.8
1444,17,2015,Will Tukuafu,SEA,1,0,0,0,1,1,7,1,6.7,6.7
1445,17,2015,Mike Tolbert,CAR,1,10,59,0,1,1,5,0,6.4,6.4
1446,17,2015,Travaris Cadet,NO,1,3,6,0,6,6,77,0,6.3,6.3
1447,17,2015,Lamar Miller,MIA,1,19,60,0,2,1,3,0,6.3,6.3
1448,17,2015,Danny Woodhead,SD,1,5,11,0,10,8,51,0,6.2,6.2
1449,17,2015,David Johnson,ARI,1,11,25,0,8,3,34,0,5.9,5.9
1450,17,2015,Joique Bell,DET,1,3,9,0,2,2,49,0,5.8,5.8
1451,17,2015,Latavius Murray,OAK,1,11,31,0,6,4,25,0,5.6,5.6
1452,17,2015,Akeem Hunt,HOU,1,3,28,0,3,1,27,0,5.5,5.5
1453,17,2015,Isaiah Crowell,CLE,1,15,53,0,0,0,0,0,5.3,5.3
1454,17,2015,Ameer Abdullah,DET,1,10,44,0,1,1,7,0,5.1,5.1
1455,17,2015,Mike Davis,SF,1,10,34,0,3,2,15,0,4.9,4.9
1456,17,2015,Damien Williams,MIA,1,3,11,0,3,3,38,0,4.9,4.9
1457,17,2015,Giovani Bernard,CIN,1,6,36,0,3,1,12,0,4.8,4.8
1458,17,2015,Jerick McKinnon,MIN,1,4,15,0,4,3,33,0,4.8,4.8
1459,17,2015,Duke Johnson,CLE,1,4,11,0,6,4,34,0,4.5,4.5
1460,17,2015,James Starks,GB,1,8,24,0,3,3,18,0,4.2,4.2
1461,17,2015,Eddie Lacy,GB,1,13,34,0,2,2,7,0,4.1,4.1
1462,17,2015,Kenjon Barner,PHI,1,5,18,0,5,5,21,0,3.9,3.9
1463,17,2015,Brandon Bolden,NE,1,9,31,0,2,2,5,0,3.6,3.6
1464,17,2015,Pierre Thomas,WAS,1,7,30,0,2,1,5,0,3.5,3.5
1465,17,2015,Theo Riddick,DET,1,2,4,0,5,4,29,0,3.3,3.3
1466,17,2015,Charcandrick West,KC,1,13,34,0,1,1,-2,0,3.2,3.2
1467,17,2015,Stevan Ridley,NYJ,1,9,29,0,2,2,0,0,2.9,2.9
1468,17,2015,Roy Helu,OAK,1,3,5,0,4,2,23,0,2.8,2.8
1469,17,2015,Jonas Gray,JAC,1,9,23,0,1,1,4,0,2.7,2.7
1470,17,2015,Andre Williams,NYG,1,5,26,0,0,0,0,0,2.6,2.6
1471,17,2015,Fitzgerald Toussaint,PIT,1,12,24,0,0,0,0,0,2.4,2.4
1472,17,2015,Terrance West,BAL,1,5,17,0,2,1,5,0,2.2,2.2
1473,17,2015,Anthony Sherman,KC,1,0,0,0,2,2,21,0,2.1,2.1
1474,17,2015,DeAngelo Williams,PIT,1,5,8,0,2,2,13,0,2.1,2.1
1475,17,2015,Chris Thompson,WAS,1,7,19,0,0,0,0,0,1.9,1.9
1476,17,2015,Ryan Mathews,PHI,1,4,11,0,2,1,7,0,1.8,1.8
1477,17,2015,John Kuhn,GB,1,1,3,0,2,2,14,0,1.7,1.7
1478,17,2015,Bishop Sankey,TEN,1,4,16,0,0,0,0,0,1.6,1.6
1479,17,2015,Malcolm Brown,STL,1,4,17,0,1,1,-2,0,1.5,1.5
1480,17,2015,Jeremy Langford,CHI,1,5,14,0,0,0,0,0,1.4,1.4
1481,17,2015,Jamize Olawale,OAK,1,0,0,0,1,1,14,0,1.4,1.4
1482,17,2015,Trey Williams,IND,1,2,12,0,0,0,0,0,1.2,1.2
1483,17,2015,Terron Ward,ATL,1,1,11,0,0,0,0,0,1.1,1.1
1484,17,2015,Ka'Deem Carey,CHI,1,1,10,0,0,0,0,0,1,1
1485,17,2015,Andre Ellington,ARI,1,2,2,0,2,1,7,0,0.9,0.9
1486,17,2015,Michael Burton,DET,1,0,0,0,1,1,8,0,0.8,0.8
1487,17,2015,Mike Gillislee,BUF,1,24,28,0,1,0,0,0,0.8,0.8
1488,17,2015,Patrick DiMarco,ATL,1,0,0,0,1,1,7,0,0.7,0.7
1489,17,2015,Darrel Young,WAS,1,0,0,0,1,1,7,0,0.7,0.7
1490,17,2015,Anthony Dixon,BUF,1,2,6,0,0,0,0,0,0.6,0.6
1491,17,2015,Fred Jackson,SEA,1,0,0,0,1,1,6,0,0.6,0.6
1492,17,2015,Robert Turbin,DAL,1,2,6,0,1,1,-1,0,0.5,0.5
1493,17,2015,Dan Herron,IND,1,2,4,0,1,0,0,0,0.4,0.4
1494,17,2015,Chris Polk,HOU,1,3,4,0,1,0,0,0,0.4,0.4
1495,17,2015,Antonio Andrews,TEN,1,0,0,0,2,2,3,0,0.3,0.3
1496,17,2015,Jay Ajayi,MIA,1,7,2,0,0,0,0,0,0.2,0.2
1497,17,2015,Bruce Miller,SF,1,0,0,0,3,2,2,0,0.2,0.2
1498,17,2015,Rex Burkhead,CIN,1,0,0,0,2,0,0,0,0,0
1499,17,2015,Jalston Fowler,TEN,1,0,0,0,1,0,0,0,0,0
1500,17,2015,Denard Robinson,JAC,1,5,9,0,1,0,0,0,-1.1,-1.1
1501,17,2015,Raheem Mostert,CLE,1,0,0,0,0,0,0,0,-2,-2
1502,17,2015,Bobby Rainey,TB,1,0,0,0,0,0,0,0,-2,-2
