"Id","Position","First_Name","Nickname","Last_Name","FPPG","Played","Salary","Game","Team","Opponent","Injury Indicator","Injury Details","V14","V15","player_name","home_link","game_season","date_game","age","team_id","location","opp_id","game_result","gs","mp","fg","fga","fg_pct","fg3","fg3a","fg3_pct","ft","fta","ft_pct","orb","drb","trb","ast","stl","blk","tov","pf","pts","game_score","plus_minus","reason_code","birth_place","shoots","highschool","pos","height","weight","start","end","birthdate","college","win","age_cleaned","minutes_played","minutes_played_3","date_game","pos","pts_allowed_3","reb_allowed_3","ast_allowed_3","tov_allowed_3","blk_allowed_3","stl_allowed_3"
"17147-9644","SG","James","","Harden","52.97222222222222","18","11300","HOU@GS","HOU","GS","","","","","James Harden",NA,NA,NA,NA,NA,NA,NA,NA,NA,NA,NA,NA,NA,NA,NA,NA,NA,NA,NA,NA,NA,NA,NA,NA,NA,NA,NA,NA,NA,NA,NA,NA,NA,NA,NA,NA,NA,NA,NA,NA,NA,NA,NA,NA,NA,NA,NA,NA,NA,NA,NA,NA,NA
"17147-40199","SG","Giannis","","Antetokounmpo","46.493751525878906","16","10300","MIL@BKN","MIL","BKN","","","","","Giannis Antetokounmpo","/players/a/antetgi01.html","1","2013-10-30","18-328","MIL","@","NYK","L (-7)","0","4:43","0","0","","0","0","","1","2",".500","0","0",0,0,0,0,1,"2",1,"-1.2","-3","complete","222lb&nbsp,(211cm,&nbsp","","Born:December 6,1994in&nbsp;Athens,&nbsp;Greecegr","F-G","6-11",222,2014,2017,"December 6, 1994","",0,18,4.72,16.9933333333333,NA,NA,NA,NA,NA,NA,NA,NA
"17147-9646","SF","Kevin","","Durant","48.26111178927951","18","10200","HOU@GS","GS","HOU","","","","","Kevin Durant",NA,NA,NA,NA,NA,NA,NA,NA,NA,NA,NA,NA,NA,NA,NA,NA,NA,NA,NA,NA,NA,NA,NA,NA,NA,NA,NA,NA,NA,NA,NA,NA,NA,NA,NA,NA,NA,NA,NA,NA,NA,NA,NA,NA,NA,"2012-10-31","F",0,1.33333333333333,0,0,1.66666666666667,0
"17147-9488","SF","LeBron","","James","46.413334147135416","15","9700","LAC@CLE","CLE","LAC","","","","","LeBron James",NA,NA,NA,NA,NA,NA,NA,NA,NA,NA,NA,NA,NA,NA,NA,NA,NA,NA,NA,NA,NA,NA,NA,NA,NA,NA,NA,NA,NA,NA,NA,NA,NA,NA,NA,NA,NA,NA,NA,NA,NA,NA,NA,NA,NA,"2012-11-03","C",3,4,0.666666666666667,0.666666666666667,1,0.333333333333333
"17147-9524","PG","Stephen","","Curry","40.79444376627604","18","9200","HOU@GS","GS","HOU","","","","","Stephen Curry",NA,NA,NA,NA,NA,NA,NA,NA,NA,NA,NA,NA,NA,NA,NA,NA,NA,NA,NA,NA,NA,NA,NA,NA,NA,NA,NA,NA,NA,NA,NA,NA,NA,NA,NA,NA,NA,NA,NA,NA,NA,NA,NA,NA,NA,"2012-10-31","F",0,1.33333333333333,0,0,1.66666666666667,0
"17147-9623","PG","Chris","","Paul","41.1368408203125","19","9100","LAC@CLE","LAC","CLE","","","","","Chris Paul",NA,NA,NA,NA,NA,NA,NA,NA,NA,NA,NA,NA,NA,NA,NA,NA,NA,NA,NA,NA,NA,NA,NA,NA,NA,NA,NA,NA,NA,NA,NA,NA,NA,NA,NA,NA,NA,NA,NA,NA,NA,NA,NA,NA,NA,"2012-10-30","G",0,0,1,0,0,0.333333333333333
"17147-9560","PF","Blake","","Griffin","40.02222357855903","18","9000","LAC@CLE","LAC","CLE","O","Rest","","","Blake Griffin",NA,NA,NA,NA,NA,NA,NA,NA,NA,NA,NA,NA,NA,NA,NA,NA,NA,NA,NA,NA,NA,NA,NA,NA,NA,NA,NA,NA,NA,NA,NA,NA,NA,NA,NA,NA,NA,NA,NA,NA,NA,NA,NA,NA,NA,"2012-10-30","G",0,0,1,0,0,0.333333333333333
"17147-12363","C","Hassan","","Whiteside","40.747059541590076","17","8700","MIA@UTA","MIA","UTA","","","","","Hassan Whiteside",NA,NA,NA,NA,NA,NA,NA,NA,NA,NA,NA,NA,NA,NA,NA,NA,NA,NA,NA,NA,NA,NA,NA,NA,NA,NA,NA,NA,NA,NA,NA,NA,NA,NA,NA,NA,NA,NA,NA,NA,NA,NA,NA,NA,NA,"2012-10-31","C",5.33333333333333,2,0.333333333333333,1,0,0.333333333333333
"17147-9874","PF","Kevin","","Love","38.36249923706055","16","8300","LAC@CLE","CLE","LAC","","","","","Kevin Love",NA,NA,NA,NA,NA,NA,NA,NA,NA,NA,NA,NA,NA,NA,NA,NA,NA,NA,NA,NA,NA,NA,NA,NA,NA,NA,NA,NA,NA,NA,NA,NA,NA,NA,NA,NA,NA,NA,NA,NA,NA,NA,NA,NA,NA,"2012-11-03","C",3,4,0.666666666666667,0.666666666666667,1,0.333333333333333
"17147-14507","PG","Kemba","","Walker","38.57222154405382","18","8000","DAL@CHA","CHA","DAL","","","","","Kemba Walker",NA,NA,NA,NA,NA,NA,NA,NA,NA,NA,NA,NA,NA,NA,NA,NA,NA,NA,NA,NA,NA,NA,NA,NA,NA,NA,NA,NA,NA,NA,NA,NA,NA,NA,NA,NA,NA,NA,NA,NA,NA,NA,NA,NA,NA,"2012-10-31","G",9.66666666666667,2.66666666666667,3.66666666666667,1,1,0.333333333333333
"17147-15860","PF","Draymond","","Green","36.9058837890625","17","7700","HOU@GS","GS","HOU","","","","","Draymond Green","/players/g/greendr01.html","1","2012-10-31","22-241","GSW","@","PHO","W (+2)","0","1:15","0","0","","0","0","","0","0","","0","1",1,0,0,0,0,"1",0,"-0.1","-3","complete","","Shoots:Right","College:Michigan State University","F","6-7",230,2013,2017,"March 4, 1990","Michigan State University",1,22,1.25,3.64333333333333,"2012-10-31","F",0,1.33333333333333,0,0,1.66666666666667,0
"17147-12366","SF","Gordon","","Hayward","35.53846153846154","13","7600","MIA@UTA","UTA","MIA","","","","","Gordon Hayward",NA,NA,NA,NA,NA,NA,NA,NA,NA,NA,NA,NA,NA,NA,NA,NA,NA,NA,NA,NA,NA,NA,NA,NA,NA,NA,NA,NA,NA,NA,NA,NA,NA,NA,NA,NA,NA,NA,NA,NA,NA,NA,NA,NA,NA,"2012-10-30","F",1.66666666666667,0.666666666666667,0.333333333333333,0.666666666666667,0,0
"17147-14498","PG","Kyrie","","Irving","34.54999923706055","16","7400","LAC@CLE","CLE","LAC","","","","","Kyrie Irving",NA,NA,NA,NA,NA,NA,NA,NA,NA,NA,NA,NA,NA,NA,NA,NA,NA,NA,NA,NA,NA,NA,NA,NA,NA,NA,NA,NA,NA,NA,NA,NA,NA,NA,NA,NA,NA,NA,NA,NA,NA,NA,NA,NA,NA,"2012-11-03","C",3,4,0.666666666666667,0.666666666666667,1,0.333333333333333
"17147-9575","PG","Mike","","Conley","33.747059541590076","17","7300","ORL@MEM","MEM","ORL","O","Back","","","Mike Conley",NA,NA,NA,NA,NA,NA,NA,NA,NA,NA,NA,NA,NA,NA,NA,NA,NA,NA,NA,NA,NA,NA,NA,NA,NA,NA,NA,NA,NA,NA,NA,NA,NA,NA,NA,NA,NA,NA,NA,NA,NA,NA,NA,NA,NA,"2012-11-02","G-F",1.33333333333333,0,0,0,0,0
"17147-9621","C","Brook","","Lopez","31.5","15","7300","MIL@BKN","BKN","MIL","","","","","Brook Lopez",NA,NA,NA,NA,NA,NA,NA,NA,NA,NA,NA,NA,NA,NA,NA,NA,NA,NA,NA,NA,NA,NA,NA,NA,NA,NA,NA,NA,NA,NA,NA,NA,NA,NA,NA,NA,NA,NA,NA,NA,NA,NA,NA,NA,NA,"2012-11-02","F",10,6,3.33333333333333,0.333333333333333,0.666666666666667,0.333333333333333
"17147-40203","C","Rudy","","Gobert","30.405263800370065","19","7100","MIA@UTA","UTA","MIA","","","","","Rudy Gobert","/players/g/goberru01.html","1","2013-10-30","21-126","UTA","","OKC","L (-3)","0","22:54","1","2",".500","0","0","","0","2",".000","3","4",7,0,0,0,2,"2",2,"0.7","2","complete","245lb&nbsp,(216cm,&nbsp","","Born:June 26,1992in&nbsp;Saint-Quentin,&nbsp;Francefr","C","7-1",245,2014,2017,"June 26, 1992","",0,21,22.9,10.8,"2012-10-30","F",1.66666666666667,0.666666666666667,0.333333333333333,0.666666666666667,0,0
"17147-9561","C","DeAndre","","Jordan","30.36842105263158","19","7000","LAC@CLE","LAC","CLE","","","","","DeAndre Jordan",NA,NA,NA,NA,NA,NA,NA,NA,NA,NA,NA,NA,NA,NA,NA,NA,NA,NA,NA,NA,NA,NA,NA,NA,NA,NA,NA,NA,NA,NA,NA,NA,NA,NA,NA,NA,NA,NA,NA,NA,NA,NA,NA,NA,NA,"2012-10-30","G",0,0,1,0,0,0.333333333333333
"17147-9581","C","Marc","","Gasol","32.94117647058823","17","7000","ORL@MEM","MEM","ORL","","","","","Marc Gasol",NA,NA,NA,NA,NA,NA,NA,NA,NA,NA,NA,NA,NA,NA,NA,NA,NA,NA,NA,NA,NA,NA,NA,NA,NA,NA,NA,NA,NA,NA,NA,NA,NA,NA,NA,NA,NA,NA,NA,NA,NA,NA,NA,NA,NA,"2012-11-02","G-F",1.33333333333333,0,0,0,0,0
"17147-14514","C","Nikola","","Vucevic","31.238888210720486","18","6900","ORL@MEM","ORL","MEM","","","","","Nikola Vucevic",NA,NA,NA,NA,NA,NA,NA,NA,NA,NA,NA,NA,NA,NA,NA,NA,NA,NA,NA,NA,NA,NA,NA,NA,NA,NA,NA,NA,NA,NA,NA,NA,NA,NA,NA,NA,NA,NA,NA,NA,NA,NA,NA,NA,NA,"2012-11-02","C",4,4,0.666666666666667,1.66666666666667,1.33333333333333,1.33333333333333
"17147-9673","PG","Goran","","Dragic","30.1750005086263","12","6800","MIA@UTA","MIA","UTA","","","","","Goran Dragic",NA,NA,NA,NA,NA,NA,NA,NA,NA,NA,NA,NA,NA,NA,NA,NA,NA,NA,NA,NA,NA,NA,NA,NA,NA,NA,NA,NA,NA,NA,NA,NA,NA,NA,NA,NA,NA,NA,NA,NA,NA,NA,NA,NA,NA,"2012-10-31","C",5.33333333333333,2,0.333333333333333,1,0,0.333333333333333
"17147-12351","PF","Derrick","","Favors","21.990908536044035","11","6500","MIA@UTA","UTA","MIA","O","Knee","","","Derrick Favors",NA,NA,NA,NA,NA,NA,NA,NA,NA,NA,NA,NA,NA,NA,NA,NA,NA,NA,NA,NA,NA,NA,NA,NA,NA,NA,NA,NA,NA,NA,NA,NA,NA,NA,NA,NA,NA,NA,NA,NA,NA,NA,NA,NA,NA,"2012-10-30","F",1.66666666666667,0.666666666666667,0.333333333333333,0.666666666666667,0,0
"17147-9809","SG","Nicolas","","Batum","29.870587517233457","17","6500","DAL@CHA","CHA","DAL","","","","","Nicolas Batum",NA,NA,NA,NA,NA,NA,NA,NA,NA,NA,NA,NA,NA,NA,NA,NA,NA,NA,NA,NA,NA,NA,NA,NA,NA,NA,NA,NA,NA,NA,NA,NA,NA,NA,NA,NA,NA,NA,NA,NA,NA,NA,NA,NA,NA,"2012-10-31","G",9.66666666666667,2.66666666666667,3.66666666666667,1,1,0.333333333333333
"17147-42550","PF","Jabari","","Parker","30.15625","16","6400","MIL@BKN","MIL","BKN","","","","","Jabari Parker","/players/p/parkeja01.html","1","2014-10-29","19-228","MIL","@","CHO","L (-2)","1","36:53","3","9",".333","0","0","","2","2","1","0","4",4,1,1,0,0,"1",8,"5.4","-13","complete","Chicago,&nbsp,Illinoisus","250lb&nbsp","College:Duke University","F","6-8",250,2015,2017,"March 15, 1995","Duke University",0,19,36.88,30.8166666666667,NA,NA,NA,NA,NA,NA,NA,NA
"17147-12443","PG","Jeremy","","Lin","30.460000610351564","5","6300","MIL@BKN","BKN","MIL","O","Hamstring","","","Jeremy Lin",NA,NA,NA,NA,NA,NA,NA,NA,NA,NA,NA,NA,NA,NA,NA,NA,NA,NA,NA,NA,NA,NA,NA,NA,NA,NA,NA,NA,NA,NA,NA,NA,NA,NA,NA,NA,NA,NA,NA,NA,NA,NA,NA,NA,NA,"2012-11-02","F",10,6,3.33333333333333,0.333333333333333,0.666666666666667,0.333333333333333
"17147-9957","PF","Serge","","Ibaka","26.455556233723957","18","6300","ORL@MEM","ORL","MEM","","","","","Serge Ibaka",NA,NA,NA,NA,NA,NA,NA,NA,NA,NA,NA,NA,NA,NA,NA,NA,NA,NA,NA,NA,NA,NA,NA,NA,NA,NA,NA,NA,NA,NA,NA,NA,NA,NA,NA,NA,NA,NA,NA,NA,NA,NA,NA,NA,NA,"2012-11-02","C",4,4,0.666666666666667,1.66666666666667,1.33333333333333,1.33333333333333
"17147-9703","PG","George","","Hill","31.709089799360797","11","6300","MIA@UTA","UTA","MIA","","","","","George Hill",NA,NA,NA,NA,NA,NA,NA,NA,NA,NA,NA,NA,NA,NA,NA,NA,NA,NA,NA,NA,NA,NA,NA,NA,NA,NA,NA,NA,NA,NA,NA,NA,NA,NA,NA,NA,NA,NA,NA,NA,NA,NA,NA,NA,NA,"2012-10-30","F",1.66666666666667,0.666666666666667,0.333333333333333,0.666666666666667,0,0
"17147-15946","SF","Harrison","","Barnes","29.806249618530273","16","6100","DAL@CHA","DAL","CHA","","","","","Harrison Barnes","/players/b/barneha02.html","1","2012-10-31","20-154","GSW","@","PHO","W (+2)","1","13:48","2","5",".400","0","0","","2","2","1","2","1",3,1,0,0,0,"1",6,"5.3","-2","complete","","Shoots:Right","College:University of North Carolina","F","6-8",210,2013,2017,"May 30, 1992","University of North Carolina",1,20,13.8,24.4,"2012-11-03","C",7.33333333333333,4.66666666666667,0.666666666666667,0.333333333333333,0.666666666666667,0
"17147-14509","SG","Klay","","Thompson","27.583333333333332","18","6100","HOU@GS","GS","HOU","","","","","Klay Thompson",NA,NA,NA,NA,NA,NA,NA,NA,NA,NA,NA,NA,NA,NA,NA,NA,NA,NA,NA,NA,NA,NA,NA,NA,NA,NA,NA,NA,NA,NA,NA,NA,NA,NA,NA,NA,NA,NA,NA,NA,NA,NA,NA,NA,NA,"2012-10-31","F",0,1.33333333333333,0,0,1.66666666666667,0
"17147-55059","C","Clint","","Capela","27.183332655164932","18","5900","HOU@GS","HOU","GS","","","","","Clint Capela","/players/c/capelca01.html","1","2014-11-06","20-172","HOU","","SAS","W (+17)","0","6:13","0","0","","0","0","","0","4",".000","0","3",3,1,0,0,1,"1",0,"-1.4","-2","complete","Geneva,&nbsp,Switzerlandch","240lb&nbsp","NBA Debut:November 6, 2014","F-C","6-10",240,2015,2017,"May 18, 1994","",1,20,6.22,1.83,NA,NA,NA,NA,NA,NA,NA,NA
"17147-12350","PF","Trevor","","Booker","28.111764346852024","17","5900","MIL@BKN","BKN","MIL","","","","","Trevor Booker",NA,NA,NA,NA,NA,NA,NA,NA,NA,NA,NA,NA,NA,NA,NA,NA,NA,NA,NA,NA,NA,NA,NA,NA,NA,NA,NA,NA,NA,NA,NA,NA,NA,NA,NA,NA,NA,NA,NA,NA,NA,NA,NA,NA,NA,"2012-11-02","F",10,6,3.33333333333333,0.333333333333333,0.666666666666667,0.333333333333333
"17147-9500","PF","Dirk","","Nowitzki","23.38000030517578","5","5800","DAL@CHA","DAL","CHA","O","Achilles","","","Dirk Nowitzki",NA,NA,NA,NA,NA,NA,NA,NA,NA,NA,NA,NA,NA,NA,NA,NA,NA,NA,NA,NA,NA,NA,NA,NA,NA,NA,NA,NA,NA,NA,NA,NA,NA,NA,NA,NA,NA,NA,NA,NA,NA,NA,NA,NA,NA,"2012-11-03","C",7.33333333333333,4.66666666666667,0.666666666666667,0.333333333333333,0.666666666666667,0
"17147-23096","SG","Evan","","Fournier","26.049999660915798","18","5800","ORL@MEM","ORL","MEM","","","","","Evan Fournier","/players/f/fournev01.html","1","2012-10-31","20-002","DEN","@","PHI","L (-9)","0","10:19","2","4",".500","1","2",".500","0","0","","0","0",0,1,0,0,1,"1",5,"2.3","5","complete","205lb&nbsp,(201cm,&nbsp","","Born:October 29,1992in&nbsp;Saint-Maurice,&nbsp;Francefr","G-F","6-7",205,2013,2017,"October 29, 1992","",0,20,10.32,8.80666666666667,"2012-11-02","C",4,4,0.666666666666667,1.66666666666667,1.33333333333333,1.33333333333333
"17147-9495","PG","J.J.","","Barea","28.188888549804688","9","5700","DAL@CHA","DAL","CHA","O","Calf","","","J.J. Barea",NA,NA,NA,NA,NA,NA,NA,NA,NA,NA,NA,NA,NA,NA,NA,NA,NA,NA,NA,NA,NA,NA,NA,NA,NA,NA,NA,NA,NA,NA,NA,NA,NA,NA,NA,NA,NA,NA,NA,NA,NA,NA,NA,NA,NA,"2012-11-03","C",7.33333333333333,4.66666666666667,0.666666666666667,0.333333333333333,0.666666666666667,0
"17147-15520","SG","Sean","","Kilpatrick","24.8647066004136","17","5700","MIL@BKN","BKN","MIL","","","","","Sean Kilpatrick","/players/k/kilpase01.html","1","2015-03-19","25-072","MIN","@","NYK","W (+3)","0","10:17","0","1",".000","0","1",".000","0","0","","0","1",1,0,0,0,1,"0",0,"-1.4","5","complete","Yonkers,&nbsp,New Yorkus","210lb&nbsp","High School:Notre Dame Prep
  in
  Fitchburg,Massachusetts","G","6-4",210,2015,2017,"January 6, 1990","University of Cincinnati",1,25,10.28,20.41,"2012-11-02","F",10,6,3.33333333333333,0.333333333333333,0.666666666666667,0.333333333333333
"17147-19138","PG","Elfrid","","Payton","25.755555894639755","18","5700","ORL@MEM","ORL","MEM","GTD","Ankle","","","Elfrid Payton","/players/p/paytoel01.html","1","2014-10-28","20-248","ORL","@","NOP","L (-17)","1","30:46","2","8",".250","0","0","","0","0","","3","2",5,7,1,0,2,"5",4,"3.8","1","complete","Gretna,&nbsp,Louisianaus","185lb&nbsp","High School:John Ehret
  in
  Jefferson Parish,Louisiana","G","6-4",185,2015,2017,"February 22, 1994","University of Louisiana at Lafayette",0,20,30.77,28.2466666666667,"2012-11-02","C",4,4,0.666666666666667,1.66666666666667,1.33333333333333,1.33333333333333
"17147-9722","PG","Deron","","Williams","19.125","8","5700","DAL@CHA","DAL","CHA","","","","","Deron Williams",NA,NA,NA,NA,NA,NA,NA,NA,NA,NA,NA,NA,NA,NA,NA,NA,NA,NA,NA,NA,NA,NA,NA,NA,NA,NA,NA,NA,NA,NA,NA,NA,NA,NA,NA,NA,NA,NA,NA,NA,NA,NA,NA,NA,NA,"2012-11-03","C",7.33333333333333,4.66666666666667,0.666666666666667,0.333333333333333,0.666666666666667,0
"17147-16220","SG","Dion","","Waiters","25.125","16","5500","MIA@UTA","MIA","UTA","O","Groin","","","Dion Waiters","/players/w/waitedi01.html","1","2012-10-30","20-325","CLE","","WAS","W (+10)","1","28:14","6","14",".429","2","5",".400","3","4",".750","0","2",2,0,3,0,3,"0",17,"9.8","13","complete","","Shoots:Right","College:Syracuse University","G","6-4",225,2013,2017,"December 10, 1991","Syracuse University",1,20,28.23,28.7533333333333,"2012-10-31","C",5.33333333333333,2,0.333333333333333,1,0,0.333333333333333
"17147-9579","PF","Zach","","Randolph","25.00666707356771","15","5400","ORL@MEM","MEM","ORL","O","Personal","","","Zach Randolph",NA,NA,NA,NA,NA,NA,NA,NA,NA,NA,NA,NA,NA,NA,NA,NA,NA,NA,NA,NA,NA,NA,NA,NA,NA,NA,NA,NA,NA,NA,NA,NA,NA,NA,NA,NA,NA,NA,NA,NA,NA,NA,NA,NA,NA,"2012-11-02","G-F",1.33333333333333,0,0,0,0,0
"17147-15904","SG","Rodney","","Hood","25.200000339084202","18","5300","MIA@UTA","UTA","MIA","GTD","Hamstring","","","Rodney Hood","/players/h/hoodro01.html","1","2014-10-29","22-009","UTA","","HOU","L (-11)","0","21:11","2","6",".333","1","4",".250","0","0","","0","2",2,0,1,2,1,"0",5,"3.6","-8","complete","Meridian,&nbsp,Mississippius","206lb&nbsp","High School:Meridian
  in
  Meridian,Mississippi","G-F","6-8",206,2015,2017,"October 20, 1992","Duke University",0,22,21.18,16.7766666666667,"2012-10-30","F",1.66666666666667,0.666666666666667,0.333333333333333,0.666666666666667,0,0
"17147-9538","SF","Trevor","","Ariza","24.922222561306423","18","5200","HOU@GS","HOU","GS","","","","","Trevor Ariza",NA,NA,NA,NA,NA,NA,NA,NA,NA,NA,NA,NA,NA,NA,NA,NA,NA,NA,NA,NA,NA,NA,NA,NA,NA,NA,NA,NA,NA,NA,NA,NA,NA,NA,NA,NA,NA,NA,NA,NA,NA,NA,NA,NA,NA,NA,NA,NA,NA,NA,NA,NA,NA
"17147-15758","SF","Michael","","Kidd-Gilchrist","23.03529447667739","17","5200","DAL@CHA","CHA","DAL","","","","","Michael Kidd-Gilchrist","/players/k/kiddgmi01.html","1","2012-11-02","19-037","CHA","","IND","W (+1)","1","19:37","1","7",".143","0","0","","0","0","","2","5",7,1,0,2,1,"0",2,"1.5","12","complete","232lb&nbsp,(201cm,&nbsp","","Born:September 26,1993in&nbsp;Philadelphia,&nbsp;Pennsylvaniaus","F","6-7",232,2013,2017,"September 26, 1993","University of Kentucky",1,19,19.62,29.8,"2012-10-31","G",9.66666666666667,2.66666666666667,3.66666666666667,1,1,0.333333333333333
"17147-9556","SG","Eric","","Gordon","23.872222900390625","18","5000","HOU@GS","HOU","GS","","","","","Eric Gordon",NA,NA,NA,NA,NA,NA,NA,NA,NA,NA,NA,NA,NA,NA,NA,NA,NA,NA,NA,NA,NA,NA,NA,NA,NA,NA,NA,NA,NA,NA,NA,NA,NA,NA,NA,NA,NA,NA,NA,NA,NA,NA,NA,NA,NA,NA,NA,NA,NA,NA,NA,NA,NA
"17147-14501","C","Tristan","","Thompson","23.912500381469727","16","5000","LAC@CLE","CLE","LAC","","","","","Tristan Thompson",NA,NA,NA,NA,NA,NA,NA,NA,NA,NA,NA,NA,NA,NA,NA,NA,NA,NA,NA,NA,NA,NA,NA,NA,NA,NA,NA,NA,NA,NA,NA,NA,NA,NA,NA,NA,NA,NA,NA,NA,NA,NA,NA,NA,NA,"2012-11-03","C",3,4,0.666666666666667,0.666666666666667,1,0.333333333333333
"17147-58084","SF","Justise","","Winslow","25.433332655164932","9","5000","MIA@UTA","MIA","UTA","O","Wrist","","","Justise Winslow","/players/w/winslju01.html","1","2015-10-28","19-216","MIA","","CHO","W (+10)","0","25:30","2","2","1","1","1","1","0","0","","0","7",7,2,0,0,2,"4",5,"4.3","26","complete","","Shoots:Left","Relatives: Father&nbsp;Rickie&nbsp;Winslow","F","6-7",225,2016,2017,"March 26, 1996","Duke University",1,19,25.5,23.99,"2012-10-31","C",5.33333333333333,2,0.333333333333333,1,0,0.333333333333333
"17147-18600","PG","Tyler","","Johnson","24.356250762939453","16","4800","MIA@UTA","MIA","UTA","","","","","Tyler Johnson","/players/j/johnsty01.html","1","2015-01-14","22-252","MIA","@","GSW","L (-15)","0","1:44","0","0","","0","0","","2","2","1","0","0",0,0,0,0,0,"0",2,"2","-1","complete","","Shoots:Left","College:California State University, Fresno","G","6-4",186,2015,2017,"May 7, 1992","California State University, Fresno",0,22,1.73,23.9466666666667,"2012-10-31","C",5.33333333333333,2,0.333333333333333,1,0,0.333333333333333
"17147-9799","SG","Wesley","","Matthews","21.559999593098958","15","4700","DAL@CHA","DAL","CHA","","","","","Wesley Matthews",NA,NA,NA,NA,NA,NA,NA,NA,NA,NA,NA,NA,NA,NA,NA,NA,NA,NA,NA,NA,NA,NA,NA,NA,NA,NA,NA,NA,NA,NA,NA,NA,NA,NA,NA,NA,NA,NA,NA,NA,NA,NA,NA,NA,NA,"2012-11-03","C",7.33333333333333,4.66666666666667,0.666666666666667,0.333333333333333,0.666666666666667,0
"17147-14537","SF","Chandler","","Parsons","12.516666412353516","6","4700","ORL@MEM","MEM","ORL","O","Knee","","","Chandler Parsons",NA,NA,NA,NA,NA,NA,NA,NA,NA,NA,NA,NA,NA,NA,NA,NA,NA,NA,NA,NA,NA,NA,NA,NA,NA,NA,NA,NA,NA,NA,NA,NA,NA,NA,NA,NA,NA,NA,NA,NA,NA,NA,NA,NA,NA,"2012-11-02","G-F",1.33333333333333,0,0,0,0,0
"17147-12337","C","Greg","","Monroe","22.386665852864585","15","4600","MIL@BKN","MIL","BKN","","","","","Greg Monroe",NA,NA,NA,NA,NA,NA,NA,NA,NA,NA,NA,NA,NA,NA,NA,NA,NA,NA,NA,NA,NA,NA,NA,NA,NA,NA,NA,NA,NA,NA,NA,NA,NA,NA,NA,NA,NA,NA,NA,NA,NA,NA,NA,NA,NA,NA,NA,NA,NA,NA,NA,NA,NA
"17147-15691","C","Cody","","Zeller","22.19333292643229","15","4600","DAL@CHA","CHA","DAL","","","","","Cody Zeller","/players/z/zelleco01.html","1","2013-10-30","21-025","CHA","@","HOU","L (-13)","0","15:31","1","6",".167","0","0","","0","0","","3","1",4,0,0,1,1,"2",2,"-0.5","3","complete","","Shoots:Right","Relatives: Brothers&nbsp;Luke&nbsp;Zeller,Tyler&nbsp;Zeller; Uncle&nbsp;Al&nbsp;Eberhard","F-C","7-0",240,2014,2017,"October 5, 1992","Indiana University",0,21,15.52,15.48,"2012-10-31","G",9.66666666666667,2.66666666666667,3.66666666666667,1,1,0.333333333333333
"17147-16233","SG","Josh","","Richardson","18.807692307692307","13","4600","MIA@UTA","MIA","UTA","GTD","Ankle","","","Josh Richardson","/players/r/richajo01.html","1","2015-11-05","22-051","MIA","@","MIN","W (+12)","0","6:50","0","1",".000","0","0","","0","0","","0","0",0,0,0,0,1,"2",0,"-2.5","-10","complete","","Shoots:Right","College:University of Tennessee","G","6-6",200,2016,2017,"September 15, 1993","University of Tennessee",1,22,6.83,13.3066666666667,"2012-10-31","C",5.33333333333333,2,0.333333333333333,1,0,0.333333333333333
"17147-16448","PF","Frank","","Kaminsky","21.600000381469727","16","4500","DAL@CHA","CHA","DAL","","","","","Frank Kaminsky","/players/k/kaminfr01.html","1","2015-10-28","22-207","CHO","@","MIA","L (-10)","0","6:07","0","2",".000","0","1",".000","0","0","","0","1",1,0,0,0,0,"0",0,"-1.1","-4","complete","","Shoots:Right","College:University of Wisconsin","F-C","7-0",242,2016,2017,"April 4, 1993","University of Wisconsin",0,22,6.12,13.34,"2012-10-31","G",9.66666666666667,2.66666666666667,3.66666666666667,1,1,0.333333333333333
"17147-9601","C","Andrew","","Bogut","20.99230722280649","13","4500","DAL@CHA","DAL","CHA","","","","","Andrew Bogut",NA,NA,NA,NA,NA,NA,NA,NA,NA,NA,NA,NA,NA,NA,NA,NA,NA,NA,NA,NA,NA,NA,NA,NA,NA,NA,NA,NA,NA,NA,NA,NA,NA,NA,NA,NA,NA,NA,NA,NA,NA,NA,NA,NA,NA,"2012-11-03","C",7.33333333333333,4.66666666666667,0.666666666666667,0.333333333333333,0.666666666666667,0
"17147-14510","SG","Alec","","Burks","20.332257670740926","31","4500","MIA@UTA","UTA","MIA","O","Ankle","","","Alec Burks",NA,NA,NA,NA,NA,NA,NA,NA,NA,NA,NA,NA,NA,NA,NA,NA,NA,NA,NA,NA,NA,NA,NA,NA,NA,NA,NA,NA,NA,NA,NA,NA,NA,NA,NA,NA,NA,NA,NA,NA,NA,NA,NA,NA,NA,"2012-10-30","F",1.66666666666667,0.666666666666667,0.333333333333333,0.666666666666667,0,0
"17147-15583","SG","Seth","","Curry","18.262500762939453","16","4500","DAL@CHA","DAL","CHA","","","","","Seth Curry","/players/c/curryse01.html","1","2014-01-05","23-135","MEM","@","DET","W (+28)","0","4:05","0","0","","0","0","","0","0","","0","0",0,0,0,0,0,"0",0,"0","6","complete","Charlotte,&nbsp,North Carolinaus","185lb&nbsp","College:Duke University","G","6-2",185,2014,2017,"August 23, 1990","Duke University",1,23,4.08,5.54333333333333,"2012-11-03","C",7.33333333333333,4.66666666666667,0.666666666666667,0.333333333333333,0.666666666666667,0
"17147-9966","SF","James","","Johnson","18.95294189453125","17","4500","MIA@UTA","MIA","UTA","","","","","James Johnson",NA,NA,NA,NA,NA,NA,NA,NA,NA,NA,NA,NA,NA,NA,NA,NA,NA,NA,NA,NA,NA,NA,NA,NA,NA,NA,NA,NA,NA,NA,NA,NA,NA,NA,NA,NA,NA,NA,NA,NA,NA,NA,NA,NA,NA,"2012-10-31","C",5.33333333333333,2,0.333333333333333,1,0,0.333333333333333
"17147-9772","PF","Ryan","","Anderson","20.144444783528645","18","4400","HOU@GS","HOU","GS","","","","","Ryan Anderson",NA,NA,NA,NA,NA,NA,NA,NA,NA,NA,NA,NA,NA,NA,NA,NA,NA,NA,NA,NA,NA,NA,NA,NA,NA,NA,NA,NA,NA,NA,NA,NA,NA,NA,NA,NA,NA,NA,NA,NA,NA,NA,NA,NA,NA,NA,NA,NA,NA,NA,NA,NA,NA
"17147-15405","PF","JaMychal","","Green","18.966666327582466","18","4400","ORL@MEM","MEM","ORL","","","","","JaMychal Green","/players/g/greenja01.html","1","2015-01-18","24-211","SAS","","UTA","W (+20)","0","5:47","0","0","","0","0","","0","0","","0","1",1,0,0,0,1,"0",0,"-0.7","-6","complete","","Shoots:Right","College:University of Alabama","F","6-9",227,2015,2017,"June 21, 1990","University of Alabama",1,24,5.78,6.35666666666667,"2012-11-02","G-F",1.33333333333333,0,0,0,0,0
"17147-12474","PG","Patrick","","Beverley","20.214285714285715","7","4400","HOU@GS","HOU","GS","","","","","Patrick Beverley","/players/b/beverpa01.html","1","2013-01-15","24-187","HOU","","LAC","L (-8)","0","1:45","1","1","1","1","1","1","0","0","","0","0",0,1,1,0,0,"0",3,"4.4","6","complete","","Shoots:Right","College:University of Arkansas","G","6-1",185,2013,2017,"July 12, 1988","University of Arkansas",0,24,1.75,15.6166666666667,NA,NA,NA,NA,NA,NA,NA,NA
"17147-9451","PF","Marvin","","Williams","19.980000813802082","15","4400","DAL@CHA","CHA","DAL","O","Knee","","","Marvin Williams",NA,NA,NA,NA,NA,NA,NA,NA,NA,NA,NA,NA,NA,NA,NA,NA,NA,NA,NA,NA,NA,NA,NA,NA,NA,NA,NA,NA,NA,NA,NA,NA,NA,NA,NA,NA,NA,NA,NA,NA,NA,NA,NA,NA,NA,"2012-10-31","G",9.66666666666667,2.66666666666667,3.66666666666667,1,1,0.333333333333333
"17147-9655","SG","J.J.","","Redick","19.468420731393916","19","4300","LAC@CLE","LAC","CLE","","","","","J.J. Redick",NA,NA,NA,NA,NA,NA,NA,NA,NA,NA,NA,NA,NA,NA,NA,NA,NA,NA,NA,NA,NA,NA,NA,NA,NA,NA,NA,NA,NA,NA,NA,NA,NA,NA,NA,NA,NA,NA,NA,NA,NA,NA,NA,NA,NA,"2012-10-30","G",0,0,1,0,0,0.333333333333333
"17147-15952","C","John","","Henson","16.592857360839844","14","4200","MIL@BKN","MIL","BKN","","","","","John Henson","/players/h/hensojo01.html","1","2012-11-07","21-315","MIL","","MEM","L (-18)","0","17:00","1","5",".200","0","0","","1","4",".250","3","0",3,1,1,2,1,"3",3,"1.7","7","complete","Greensboro,&nbsp,North Carolinaus","229lb&nbsp","High School:Sickles
  in
  Tampa,Florida","F","6-11",229,2013,2017,"December 28, 1990","University of North Carolina",0,21,17,9.62666666666667,NA,NA,NA,NA,NA,NA,NA,NA
"17147-58461","PF","Trey","","Lyles","17.01578883120888","19","4200","MIA@UTA","UTA","MIA","","","","","Trey Lyles","/players/l/lylestr01.html","1","2015-10-28","19-357","UTA","@","DET","L (-5)","0","8:14","0","1",".000","0","0","","0","0","","0","1",1,1,0,0,0,"0",0,"0.3","-15","complete","","Shoots:Right","College:University of Kentucky","F","6-10",234,2016,2017,"November 5, 1995","University of Kentucky",0,19,8.23,7.06333333333333,"2012-10-30","F",1.66666666666667,0.666666666666667,0.333333333333333,0.666666666666667,0,0
"17147-14505","C","Bismack","","Biyombo","18.111764346852024","17","4200","ORL@MEM","ORL","MEM","","","","","Bismack Biyombo",NA,NA,NA,NA,NA,NA,NA,NA,NA,NA,NA,NA,NA,NA,NA,NA,NA,NA,NA,NA,NA,NA,NA,NA,NA,NA,NA,NA,NA,NA,NA,NA,NA,NA,NA,NA,NA,NA,NA,NA,NA,NA,NA,NA,NA,"2012-11-02","C",4,4,0.666666666666667,1.66666666666667,1.33333333333333,1.33333333333333
"17147-14530","SF","Bojan","","Bogdanovic","19.95294189453125","17","4200","MIL@BKN","BKN","MIL","","","","","Bojan Bogdanovic","/players/b/bogdabo02.html","1","2014-10-29","25-194","BRK","@","BOS","L (-16)","1","26:05","3","6",".500","1","2",".500","0","0","","0","0",0,2,0,1,2,"3",7,"2.9","-8","complete","","Shoots:Right","Draft:Miami Heat, 2nd round (1st pick, 31st overall),2011 NBA Draft","G-F","6-8",216,2015,2017,"April 18, 1989","",0,25,26.08,24.8466666666667,"2012-11-02","F",10,6,3.33333333333333,0.333333333333333,0.666666666666667,0.333333333333333
"17147-20064","PG","Matthew","","Dellavedova","20.618749618530273","16","4100","MIL@BKN","MIL","BKN","","","","","Matthew Dellavedova","/players/d/dellama01.html","1","2013-11-02","23-055","CLE","@","IND","L (-15)","0","1:05","0","0","","0","0","","0","0","","0","0",0,0,0,0,0,"0",0,"0","0","complete","198lb&nbsp,(193cm,&nbsp","","Born:September 8,1990in&nbsp;Maryborough,&nbsp;Australiaau","G","6-4",198,2014,2017,"September 8, 1990","Saint Mary's College of California",0,23,1.08,8.02333333333334,NA,NA,NA,NA,NA,NA,NA,NA
"17147-15559","SG","Jeremy","","Lamb","19.057141985212052","7","4100","DAL@CHA","CHA","DAL","GTD","Knee","","","Jeremy Lamb","/players/l/lambje01.html","1","2012-11-02","20-156","OKC","","POR","W (+14)","0","1:08","1","1","1","1","1","1","0","0","","0","0",0,0,0,0,0,"0",3,"2.7","3","complete","Henrico Valley,&nbsp,Virginiaus","185lb&nbsp","High School:Norcross
  in
  Norcross,Georgia","G-F","6-5",185,2013,2017,"May 30, 1992","University of Connecticut",1,20,1.13,3.62666666666667,"2012-10-31","G",9.66666666666667,2.66666666666667,3.66666666666667,1,1,0.333333333333333
"17147-41594","SF","Aaron","","Gordon","19.444444444444443","18","4000","ORL@MEM","ORL","MEM","","","","","Aaron Gordon","/players/g/gordoaa01.html","1","2014-10-28","19-042","ORL","@","NOP","L (-17)","0","28:27","5","8",".625","1","2",".500","0","0","","2","1",3,0,1,1,3,"3",11,"6.6","-18","complete","San Jose,&nbsp,Californiaus","220lb&nbsp","College:University of Arizona","F","6-9",220,2015,2017,"September 16, 1995","University of Arizona",0,19,28.45,12.6066666666667,"2012-11-02","C",4,4,0.666666666666667,1.66666666666667,1.33333333333333,1.33333333333333
"17147-58490","PG","Wade","","Baldwin IV","10.045454545454545","11","4000","ORL@MEM","MEM","ORL","","","","","Wade Baldwin IV",NA,NA,NA,NA,NA,NA,NA,NA,NA,NA,NA,NA,NA,NA,NA,NA,NA,NA,NA,NA,NA,NA,NA,NA,NA,NA,NA,NA,NA,NA,NA,NA,NA,NA,NA,NA,NA,NA,NA,NA,NA,NA,NA,NA,NA,"2012-11-02","G-F",1.33333333333333,0,0,0,0,0
"17147-14500","PF","Derrick","","Williams","10.363636363636363","11","4000","MIA@UTA","MIA","UTA","","","","","Derrick Williams",NA,NA,NA,NA,NA,NA,NA,NA,NA,NA,NA,NA,NA,NA,NA,NA,NA,NA,NA,NA,NA,NA,NA,NA,NA,NA,NA,NA,NA,NA,NA,NA,NA,NA,NA,NA,NA,NA,NA,NA,NA,NA,NA,NA,NA,"2012-10-31","C",5.33333333333333,2,0.333333333333333,1,0,0.333333333333333
"17147-9956","SG","Wayne","","Ellington","14.399999618530273","1","4000","MIA@UTA","MIA","UTA","","","","","Wayne Ellington",NA,NA,NA,NA,NA,NA,NA,NA,NA,NA,NA,NA,NA,NA,NA,NA,NA,NA,NA,NA,NA,NA,NA,NA,NA,NA,NA,NA,NA,NA,NA,NA,NA,NA,NA,NA,NA,NA,NA,NA,NA,NA,NA,NA,NA,"2012-10-31","C",5.33333333333333,2,0.333333333333333,1,0,0.333333333333333
"17147-9458","SG","Tony","","Allen","16.69090964577415","11","4000","ORL@MEM","MEM","ORL","","","","","Tony Allen",NA,NA,NA,NA,NA,NA,NA,NA,NA,NA,NA,NA,NA,NA,NA,NA,NA,NA,NA,NA,NA,NA,NA,NA,NA,NA,NA,NA,NA,NA,NA,NA,NA,NA,NA,NA,NA,NA,NA,NA,NA,NA,NA,NA,NA,"2012-11-02","G-F",1.33333333333333,0,0,0,0,0
"17147-9715","SF","Marco","","Belinelli","17.816667344835068","18","4000","DAL@CHA","CHA","DAL","","","","","Marco Belinelli",NA,NA,NA,NA,NA,NA,NA,NA,NA,NA,NA,NA,NA,NA,NA,NA,NA,NA,NA,NA,NA,NA,NA,NA,NA,NA,NA,NA,NA,NA,NA,NA,NA,NA,NA,NA,NA,NA,NA,NA,NA,NA,NA,NA,NA,"2012-10-31","G",9.66666666666667,2.66666666666667,3.66666666666667,1,1,0.333333333333333
"17147-15744","SG","Rodney","","McGruder","11.856249809265137","16","3900","MIA@UTA","MIA","UTA","","","","","Rodney McGruder","/players/m/mcgruro01.html","1","2016-10-26","25-089","MIA","@","ORL","W (+12)","0","23:37","1","3",".333","0","1",".000","4","5",".800","1","2",3,0,2,0,1,"4",6,"4.6","15","complete","Landover,&nbsp,Marylandus","205lb&nbsp","High School:Arlington Country Day
  in
  Jacksonville,Florida","G","6-4",205,2017,2017,"July 29, 1991","Kansas State University",1,25,23.62,16.6866666666667,"2012-10-31","C",5.33333333333333,2,0.333333333333333,1,0,0.333333333333333
"17147-58247","PG","Isaiah","","Whitehead","13.353846623347355","13","3900","MIL@BKN","BKN","MIL","","","","","Isaiah Whitehead","/players/w/whiteis01.html","1","2016-10-26","21-232","BRK","@","BOS","L (-5)","0","3:52","0","0","","0","0","","0","0","","0","1",1,1,0,0,0,"1",0,"0.6","12","complete","","Shoots:Right","College:Seton Hall University","G","6-4",213,2017,2017,"March 8, 1995","Seton Hall University",0,21,3.87,16.4,"2012-11-02","F",10,6,3.33333333333333,0.333333333333333,0.666666666666667,0.333333333333333
"17147-42148","SF","Rondae","","Hollis-Jefferson","17.614286150251115","14","3900","MIL@BKN","BKN","MIL","","","","","Rondae Hollis-Jefferson","/players/h/holliro01.html","1","2015-10-28","20-298","BRK","","CHI","L (-15)","0","24:15","4","6",".667","0","0","","0","0","","0","5",5,0,2,1,1,"0",8,"8.6","16","complete","220lb&nbsp,(201cm,&nbsp","","Born:January 3,1995in&nbsp;Chester,&nbsp;Pennsylvaniaus","F","6-7",220,2016,2017,"January 3, 1995","University of Arizona",0,20,24.25,14.5,"2012-11-02","F",10,6,3.33333333333333,0.333333333333333,0.666666666666667,0.333333333333333
"17147-42665","PG","Andrew","","Harrison","15.6823533002068","17","3900","ORL@MEM","MEM","ORL","","","","","Andrew Harrison","/players/h/harrian01.html","1","2016-10-26","21-364","MEM","","MIN","W (+4)","1","38:12","1","7",".143","0","4",".000","2","4",".500","1","2",3,4,1,0,3,"3",4,"-0.4","8","complete","San Antonio,&nbsp,Texasus","213lb&nbsp","College:University of Kentucky","G","6-6",213,2017,2017,"October 28, 1994","University of Kentucky",1,21,38.2,28.64,"2012-11-02","G-F",1.33333333333333,0,0,0,0,0
"17147-9654","SF","Vince","","Carter","18.305555555555557","18","3900","ORL@MEM","MEM","ORL","O","Hip","","","Vince Carter",NA,NA,NA,NA,NA,NA,NA,NA,NA,NA,NA,NA,NA,NA,NA,NA,NA,NA,NA,NA,NA,NA,NA,NA,NA,NA,NA,NA,NA,NA,NA,NA,NA,NA,NA,NA,NA,NA,NA,NA,NA,NA,NA,NA,NA,"2012-11-02","G-F",1.33333333333333,0,0,0,0,0
"17147-9678","PF","Channing","","Frye","17.89090936834162","11","3900","LAC@CLE","CLE","LAC","","","","","Channing Frye",NA,NA,NA,NA,NA,NA,NA,NA,NA,NA,NA,NA,NA,NA,NA,NA,NA,NA,NA,NA,NA,NA,NA,NA,NA,NA,NA,NA,NA,NA,NA,NA,NA,NA,NA,NA,NA,NA,NA,NA,NA,NA,NA,NA,NA,"2012-11-03","C",3,4,0.666666666666667,0.666666666666667,1,0.333333333333333
"17147-12349","PF","Luke","","Babbitt","7.429411944221048","17","3800","MIA@UTA","MIA","UTA","","","","","Luke Babbitt",NA,NA,NA,NA,NA,NA,NA,NA,NA,NA,NA,NA,NA,NA,NA,NA,NA,NA,NA,NA,NA,NA,NA,NA,NA,NA,NA,NA,NA,NA,NA,NA,NA,NA,NA,NA,NA,NA,NA,NA,NA,NA,NA,NA,NA,"2012-10-31","C",5.33333333333333,2,0.333333333333333,1,0,0.333333333333333
"17147-9664","SF","Andre","","Iguodala","16.711110432942707","18","3800","HOU@GS","GS","HOU","","","","","Andre Iguodala",NA,NA,NA,NA,NA,NA,NA,NA,NA,NA,NA,NA,NA,NA,NA,NA,NA,NA,NA,NA,NA,NA,NA,NA,NA,NA,NA,NA,NA,NA,NA,NA,NA,NA,NA,NA,NA,NA,NA,NA,NA,NA,NA,NA,NA,"2012-10-31","F",0,1.33333333333333,0,0,1.66666666666667,0
"17147-9700","C","Spencer","","Hawes","16.476470947265625","17","3800","DAL@CHA","CHA","DAL","","","","","Spencer Hawes",NA,NA,NA,NA,NA,NA,NA,NA,NA,NA,NA,NA,NA,NA,NA,NA,NA,NA,NA,NA,NA,NA,NA,NA,NA,NA,NA,NA,NA,NA,NA,NA,NA,NA,NA,NA,NA,NA,NA,NA,NA,NA,NA,NA,NA,"2012-10-31","G",9.66666666666667,2.66666666666667,3.66666666666667,1,1,0.333333333333333
"17147-9448","SG","Jamal","","Crawford","17.073683889288652","19","3800","LAC@CLE","LAC","CLE","","","","","Jamal Crawford",NA,NA,NA,NA,NA,NA,NA,NA,NA,NA,NA,NA,NA,NA,NA,NA,NA,NA,NA,NA,NA,NA,NA,NA,NA,NA,NA,NA,NA,NA,NA,NA,NA,NA,NA,NA,NA,NA,NA,NA,NA,NA,NA,NA,NA,"2012-10-30","G",0,0,1,0,0,0.333333333333333
"17147-9506","SG","J.R.","","Smith","16.807692307692307","13","3700","LAC@CLE","CLE","LAC","","","","","J.R. Smith",NA,NA,NA,NA,NA,NA,NA,NA,NA,NA,NA,NA,NA,NA,NA,NA,NA,NA,NA,NA,NA,NA,NA,NA,NA,NA,NA,NA,NA,NA,NA,NA,NA,NA,NA,NA,NA,NA,NA,NA,NA,NA,NA,NA,NA,"2012-11-03","C",3,4,0.666666666666667,0.666666666666667,1,0.333333333333333
"17147-17491","SF","James","","Ennis","18.521427699497767","14","3700","ORL@MEM","MEM","ORL","O","Calf","","","James Ennis","/players/e/ennisja01.html","1","2014-10-29","24-120","MIA","","WAS","W (+12)","0","14:40","2","4",".500","0","2",".000","1","1","1","0","2",2,0,0,0,0,"1",5,"3.2","7","complete","Ventura,&nbsp,Californiaus","210lb&nbsp","High School:Ventura
  in
  Ventura,California","F","6-7",210,2015,2017,"July 1, 1990","California State University, Long Beach",1,24,14.67,10.1266666666667,"2012-11-02","G-F",1.33333333333333,0,0,0,0,0
"17147-9587","SF","Michael","","Beasley","14.318750381469727","16","3700","MIL@BKN","MIL","BKN","","","","","Michael Beasley",NA,NA,NA,NA,NA,NA,NA,NA,NA,NA,NA,NA,NA,NA,NA,NA,NA,NA,NA,NA,NA,NA,NA,NA,NA,NA,NA,NA,NA,NA,NA,NA,NA,NA,NA,NA,NA,NA,NA,NA,NA,NA,NA,NA,NA,NA,NA,NA,NA,NA,NA,NA,NA
"17147-42662","SF","Troy","","Williams","7.883333206176758","12","3700","ORL@MEM","MEM","ORL","","","","","Troy Williams","/players/w/willitr02.html","1","2016-10-29","21-304","MEM","@","NYK","L (-7)","0","9:16","1","2",".500","1","2",".500","0","2",".000","0","0",0,1,2,0,0,"1",3,"3.5","10","complete","Hampton,&nbsp,Virginiaus","218lb&nbsp","High School:Oak Hill Academy
  in
  Mouth of Wilson,Virginia","F","6-7",218,2017,2017,"December 30, 1994","Indiana University",0,21,9.27,12.0133333333333,"2012-11-02","G-F",1.33333333333333,0,0,0,0,0
"17147-15788","C","Justin","","Hamilton","16.34705846449908","17","3700","MIL@BKN","BKN","MIL","","","","","Justin Hamilton","/players/h/hamilju01.html","1","2014-03-08","23-341","CHA","@","MEM","L (-22)","0","3:44","0","0","","0","0","","0","0","","0","0",0,0,1,0,1,"0",0,"0","-1","complete","","Shoots:Right","College:Louisiana State University","C","7-0",260,2014,2017,"April 1, 1990","Louisiana State University",0,23,3.73,4.46666666666667,"2012-11-02","F",10,6,3.33333333333333,0.333333333333333,0.666666666666667,0.333333333333333
"17147-9454","C","Zaza","","Pachulia","16.188888549804688","18","3700","HOU@GS","GS","HOU","","","","","Zaza Pachulia",NA,NA,NA,NA,NA,NA,NA,NA,NA,NA,NA,NA,NA,NA,NA,NA,NA,NA,NA,NA,NA,NA,NA,NA,NA,NA,NA,NA,NA,NA,NA,NA,NA,NA,NA,NA,NA,NA,NA,NA,NA,NA,NA,NA,NA,"2012-10-31","F",0,1.33333333333333,0,0,1.66666666666667,0
"17147-9466","PG","D.J.","","Augustin","14.527777777777779","18","3700","ORL@MEM","ORL","MEM","","","","","D.J. Augustin",NA,NA,NA,NA,NA,NA,NA,NA,NA,NA,NA,NA,NA,NA,NA,NA,NA,NA,NA,NA,NA,NA,NA,NA,NA,NA,NA,NA,NA,NA,NA,NA,NA,NA,NA,NA,NA,NA,NA,NA,NA,NA,NA,NA,NA,"2012-11-02","C",4,4,0.666666666666667,1.66666666666667,1.33333333333333,1.33333333333333
"17147-58661","SG","Rashad","","Vaughn","9.577777438693577","9","3600","MIL@BKN","MIL","BKN","","","","","Rashad Vaughn","/players/v/vaughra01.html","1","2015-10-28","19-073","MIL","","NYK","L (-25)","0","12:41","3","5",".600","1","2",".500","0","0","","1","1",2,0,0,1,1,"0",7,"5.4","-13","complete","","Shoots:Right","College:University of Nevada, Las Vegas","G","6-6",202,2016,2017,"August 16, 1996","University of Nevada, Las Vegas",0,19,12.68,7.27666666666667,NA,NA,NA,NA,NA,NA,NA,NA
"17147-16196","PF","Dwight","","Powell","15.918749809265137","16","3600","DAL@CHA","DAL","CHA","","","","","Dwight Powell","/players/p/poweldw01.html","1","2014-11-14","23-117","BOS","","CLE","L (-1)","0","0:02","0","0","","0","0","","0","0","","0","0",0,0,0,0,0,"0",0,"0","0","complete","Toronto,&nbsp,Canadaca","240lb&nbsp","High School:IMG Academy
  in
  Bradenton,Florida","F","6-11",240,2015,2017,"July 20, 1991","Stanford University",0,23,0.03,2.27,"2012-11-03","C",7.33333333333333,4.66666666666667,0.666666666666667,0.333333333333333,0.666666666666667,0
"17147-17517","SF","Tony","","Snell","15.706667073567708","15","3600","MIL@BKN","MIL","BKN","","","","","Tony Snell","/players/s/snellto01.html","1","2013-10-29","21-353","CHI","@","MIA","L (-12)","0","6:43","0","3",".000","0","2",".000","0","0","","0","0",0,0,1,0,1,"2",0,"-2.9","-10","complete","Riverside,&nbsp,Californiaus","200lb&nbsp","High School:King
  in
  Riverside,California","G-F","6-7",200,2014,2017,"November 10, 1991","University of New Mexico",0,21,6.72,1.73333333333333,NA,NA,NA,NA,NA,NA,NA,NA
"17147-40819","PF","Jarell","","Martin","9.547059003044577","17","3600","ORL@MEM","MEM","ORL","","","","","Jarell Martin","/players/m/martija01.html","1","2015-12-18","21-208","MEM","@","DAL","L (-9)","0","3:28","0","2",".000","0","0","","0","0","","0","0",0,0,0,0,0,"0",0,"-1.4","6","complete","","Shoots:Right","College:Louisiana State University","F","6-10",239,2016,2017,"May 24, 1994","Louisiana State University",0,21,3.47,6.8,"2012-11-02","G-F",1.33333333333333,0,0,0,0,0
"17147-9613","PG","Devin","","Harris","14.212499618530273","64","3600","DAL@CHA","DAL","CHA","","","","","Devin Harris",NA,NA,NA,NA,NA,NA,NA,NA,NA,NA,NA,NA,NA,NA,NA,NA,NA,NA,NA,NA,NA,NA,NA,NA,NA,NA,NA,NA,NA,NA,NA,NA,NA,NA,NA,NA,NA,NA,NA,NA,NA,NA,NA,NA,NA,"2012-11-03","C",7.33333333333333,4.66666666666667,0.666666666666667,0.333333333333333,0.666666666666667,0
"17147-23744","SF","Justin","","Anderson","16.375","16","3600","DAL@CHA","DAL","CHA","","","","","Justin Anderson","/players/a/anderju01.html","1","2015-10-28","21-343","DAL","@","PHO","W (+16)","0","3:28","1","2",".500","0","1",".000","0","0","","0","1",1,0,0,0,0,"2",2,"0.5","-11","complete","","Shoots:Left","College:University of Virginia","G","6-6",228,2016,2017,"November 19, 1993","University of Virginia",1,21,3.47,7.63,"2012-11-03","C",7.33333333333333,4.66666666666667,0.666666666666667,0.333333333333333,0.666666666666667,0
"17147-16359","PG","Malcolm","","Brogdon","14.787500381469727","16","3600","MIL@BKN","MIL","BKN","","","","","Malcolm Brogdon","/players/b/brogdma01.html","1","2016-10-26","23-320","MIL","","CHO","L (-11)","0","21:25","3","9",".333","0","3",".000","2","2","1","0","6",6,5,0,0,0,"2",8,"7.4","0","complete","","Shoots:Right","College:University of Virginia","G","6-5",215,2017,2017,"December 11, 1992","University of Virginia",0,23,21.42,17.87,NA,NA,NA,NA,NA,NA,NA,NA
"17147-15592","PG","Austin","","Rivers","13.421052631578947","19","3600","LAC@CLE","LAC","CLE","","","","","Austin Rivers","/players/r/riverau01.html","1","2012-10-31","20-091","NOH","","SAS","L (-4)","1","24:06","1","9",".111","0","2",".000","5","6",".833","0","1",1,2,0,0,3,"3",7,"-1.8","-2","complete","","Shoots:Right","Relatives: Brother&nbsp;Jeremiah&nbsp;Rivers; Father&nbsp;Doc&nbsp;Rivers","G","6-4",200,2013,2017,"August 1, 1992","Duke University",0,20,24.1,30.8533333333333,"2012-10-30","G",0,0,1,0,0,0.333333333333333
"17147-16363","SG","Joe","","Harris","14.258823170381433","17","3600","MIL@BKN","BKN","MIL","","","","","Joe Harris","/players/h/harrijo01.html","1","2014-10-31","23-054","CLE","@","CHI","W (+6)","0","0:04","0","0","","0","0","","0","0","","0","0",0,0,0,0,0,"0",0,"0","0","complete","Chelan,&nbsp,Washingtonus","219lb&nbsp","High School:Chelan
  in
  Chelan,Washington","G","6-6",219,2015,2017,"September 7, 1991","University of Virginia",1,23,0.07,9.10666666666666,"2012-11-02","F",10,6,3.33333333333333,0.333333333333333,0.666666666666667,0.333333333333333
"17147-23282","SF","Sam","","Dekker","12.549999660915798","18","3600","HOU@GS","HOU","GS","","","","","Sam Dekker","/players/d/dekkesa01.html","1","2015-10-28","21-175","HOU","","DEN","L (-20)","0","1:29","0","0","","0","0","","0","0","","0","0",0,0,0,0,0,"0",0,"0","-2","complete","","Shoots:Right","College:University of Wisconsin","F","6-9",230,2016,2017,"May 6, 1994","University of Wisconsin",0,21,1.48,6.09,NA,NA,NA,NA,NA,NA,NA,NA
"17147-9733","SG","Randy","","Foye","11.245454268022018","11","3500","MIL@BKN","BKN","MIL","","","","","Randy Foye",NA,NA,NA,NA,NA,NA,NA,NA,NA,NA,NA,NA,NA,NA,NA,NA,NA,NA,NA,NA,NA,NA,NA,NA,NA,NA,NA,NA,NA,NA,NA,NA,NA,NA,NA,NA,NA,NA,NA,NA,NA,NA,NA,NA,NA,"2012-11-02","F",10,6,3.33333333333333,0.333333333333333,0.666666666666667,0.333333333333333
"17147-9739","C","JaVale","","McGee","7.4571429661342075","14","3500","HOU@GS","GS","HOU","","","","","JaVale McGee",NA,NA,NA,NA,NA,NA,NA,NA,NA,NA,NA,NA,NA,NA,NA,NA,NA,NA,NA,NA,NA,NA,NA,NA,NA,NA,NA,NA,NA,NA,NA,NA,NA,NA,NA,NA,NA,NA,NA,NA,NA,NA,NA,NA,NA,"2012-10-31","F",0,1.33333333333333,0,0,1.66666666666667,0
"17147-55055","PG","Dante","","Exum","11.755555894639757","18","3500","MIA@UTA","UTA","MIA","","","","","Dante Exum","/players/e/exumda01.html","1","2014-10-29","19-108","UTA","","HOU","L (-11)","0","9:37","2","3",".667","1","1","1","0","0","","0","0",0,1,1,0,1,"0",5,"4.4","3","complete","","Shoots:Right","High School:Lake Ginninderra
  in
  Canberra,
  
    Australia","G","6-6",190,2015,2017,"July 13, 1995","",0,19,9.62,17.87,"2012-10-30","F",1.66666666666667,0.666666666666667,0.333333333333333,0.666666666666667,0,0
"17147-40208","PG","Raul","","Neto","1.914285659790039","7","3500","MIA@UTA","UTA","MIA","","","","","Raul Neto","/players/n/netora01.html","1","2015-10-28","23-162","UTA","@","DET","L (-5)","1","26:27","3","6",".500","2","2","1","0","0","","0","1",1,3,0,0,1,"1",8,"6","12","complete","179lb&nbsp,(185cm,&nbsp","","Born:May 19,1992in&nbsp;Belo Horizonte,&nbsp;Brazilbr","G","6-1",179,2016,2017,"May 19, 1992","",0,23,26.45,18.5766666666667,"2012-10-30","F",1.66666666666667,0.666666666666667,0.333333333333333,0.666666666666667,0,0
"17147-64017","C","Salah","","Mejri","9.950000127156576","12","3500","DAL@CHA","DAL","CHA","","","","","Salah Mejri","/players/m/mejrisa01.html","1","2015-10-28","29-135","DAL","@","PHO","W (+16)","0","2:13","0","0","","0","0","","0","0","","0","1",1,0,0,0,0,"0",0,"0.3","-9","complete","245lb&nbsp,(216cm,&nbsp","","Born:June 15,1986in&nbsp;Jendouba,&nbsp;Tunisiatn","C","7-1",245,2016,2017,"June 15, 1986","",1,29,2.22,5.83,"2012-11-03","C",7.33333333333333,4.66666666666667,0.666666666666667,0.333333333333333,0.666666666666667,0
"17147-9490","C","Anderson","","Varejao","5.959999847412109","5","3500","HOU@GS","GS","HOU","","","","","Anderson Varejao",NA,NA,NA,NA,NA,NA,NA,NA,NA,NA,NA,NA,NA,NA,NA,NA,NA,NA,NA,NA,NA,NA,NA,NA,NA,NA,NA,NA,NA,NA,NA,NA,NA,NA,NA,NA,NA,NA,NA,NA,NA,NA,NA,NA,NA,"2012-10-31","F",0,1.33333333333333,0,0,1.66666666666667,0
"17147-9496","PG","Jason","","Terry","8.272727272727273","11","3500","MIL@BKN","MIL","BKN","","","","","Jason Terry",NA,NA,NA,NA,NA,NA,NA,NA,NA,NA,NA,NA,NA,NA,NA,NA,NA,NA,NA,NA,NA,NA,NA,NA,NA,NA,NA,NA,NA,NA,NA,NA,NA,NA,NA,NA,NA,NA,NA,NA,NA,NA,NA,NA,NA,NA,NA,NA,NA,NA,NA,NA,NA
"17147-16411","SG","C.J.","","Wilcox","2.2714285169328963","7","3500","ORL@MEM","ORL","MEM","","","","","C.J. Wilcox","/players/w/wilcocj01.html","1","2014-12-03","23-338","LAC","","ORL","W (+28)","0","5:44","1","3",".333","1","2",".500","0","0","","0","0",0,2,0,0,0,"0",3,"2.7","-1","complete","Pleasant Grove,&nbsp,Utahus","195lb&nbsp","High School:Pleasant Grove
  in
  Pleasant Grove,Utah","G","6-5",195,2015,2017,"December 30, 1990","University of Washington",1,23,5.73,3.74666666666667,"2012-11-02","C",4,4,0.666666666666667,1.66666666666667,1.33333333333333,1.33333333333333
"17147-58658","SG","Patrick","","McCaw","7.6999998826247","13","3500","HOU@GS","GS","HOU","","","","","Patrick McCaw","/players/m/mccawpa01.html","1","2016-10-25","21-000","GSW","","SAS","L (-29)","0","9:00","1","3",".333","0","2",".000","0","0","","0","0",0,2,1,1,0,"0",2,"3.4","-4","complete","St. Louis,&nbsp,Missourius","185lb&nbsp","High School:Montrose Christian
  in
  Rockville,Maryland","G","6-7",185,2017,2017,"October 25, 1995","University of Nevada, Las Vegas",0,21,9,14.8166666666667,"2012-10-31","F",0,1.33333333333333,0,0,1.66666666666667,0
"17147-9512","C","Nene","","Hilario","13.956250190734863","16","3500","HOU@GS","HOU","GS","","","","","Nene Hilario",NA,NA,NA,NA,NA,NA,NA,NA,NA,NA,NA,NA,NA,NA,NA,NA,NA,NA,NA,NA,NA,NA,NA,NA,NA,NA,NA,NA,NA,NA,NA,NA,NA,NA,NA,NA,NA,NA,NA,NA,NA,NA,NA,NA,NA,NA,NA,NA,NA,NA,NA,NA,NA
"17147-9513","C","Chris","","Andersen","7.9571429661342075","7","3500","LAC@CLE","CLE","LAC","","","","","Chris Andersen",NA,NA,NA,NA,NA,NA,NA,NA,NA,NA,NA,NA,NA,NA,NA,NA,NA,NA,NA,NA,NA,NA,NA,NA,NA,NA,NA,NA,NA,NA,NA,NA,NA,NA,NA,NA,NA,NA,NA,NA,NA,NA,NA,NA,NA,"2012-11-03","C",3,4,0.666666666666667,0.666666666666667,1,0.333333333333333
"17147-71469","SG","Nicolas","","Brussino","5.784615149864783","13","3500","DAL@CHA","DAL","CHA","","","","","Nicolas Brussino","/players/b/brussni01.html","1","2016-10-26","23-238","DAL","@","IND","L (-9)","0","0:35","0","0","","0","0","","0","0","","0","0",0,1,0,0,0,"0",0,"0.7","0","complete","195lb&nbsp,(201cm,&nbsp","","Born:March 2,1993in&nbsp;Santa Fe,&nbsp;Argentinaar","G-F","6-7",195,2017,2017,"March 2, 1993","",0,23,0.58,1.27666666666666,"2012-11-03","C",7.33333333333333,4.66666666666667,0.666666666666667,0.333333333333333,0.666666666666667,0
"17147-71468","PG","Jonathan","","Gibson","14.90000025431315","6","3500","DAL@CHA","DAL","CHA","","","","","Jonathan Gibson","/players/g/gibsojo01.html","1","2016-11-18","29-010","DAL","","MEM","L (-16)","0","19:46","3","6",".500","0","3",".000","5","8",".625","0","4",4,3,1,0,4,"3",11,"5.9","1","complete","West Covina,&nbsp,Californiaus","185lb&nbsp","High School:Calvary Christian
  in
  San Fernando,California","G","6-2",185,2017,2017,"November 8, 1987","New Mexico State University",0,29,19.77,24.3733333333333,"2012-11-03","C",7.33333333333333,4.66666666666667,0.666666666666667,0.333333333333333,0.666666666666667,0
"17147-9778","PF","Josh","","McRoberts","10.137499809265137","8","3500","MIA@UTA","MIA","UTA","","","","","Josh McRoberts",NA,NA,NA,NA,NA,NA,NA,NA,NA,NA,NA,NA,NA,NA,NA,NA,NA,NA,NA,NA,NA,NA,NA,NA,NA,NA,NA,NA,NA,NA,NA,NA,NA,NA,NA,NA,NA,NA,NA,NA,NA,NA,NA,NA,NA,"2012-10-31","C",5.33333333333333,2,0.333333333333333,1,0,0.333333333333333
"17147-9525","PG","C.J.","","Watson","6.679999796549479","15","3500","ORL@MEM","ORL","MEM","","","","","C.J. Watson",NA,NA,NA,NA,NA,NA,NA,NA,NA,NA,NA,NA,NA,NA,NA,NA,NA,NA,NA,NA,NA,NA,NA,NA,NA,NA,NA,NA,NA,NA,NA,NA,NA,NA,NA,NA,NA,NA,NA,NA,NA,NA,NA,NA,NA,"2012-11-02","C",4,4,0.666666666666667,1.66666666666667,1.33333333333333,1.33333333333333
"17147-34615","C","Willie","","Reed","8.480000305175782","10","3500","MIA@UTA","MIA","UTA","","","","","Willie Reed","/players/r/reedwi02.html","1","2015-12-04","25-202","BRK","@","NYK","L (-17)","0","10:44","3","4",".750","0","0","","2","4",".500","2","2",4,0,0,1,0,"0",8,"8.3","8","complete","Kansas City,&nbsp,Missourius","220lb&nbsp","High School:Bishop Miege
  in
  Roeland Park,Kansas","PF","6-10",220,2016,2017,"May 16, 1990","Saint Louis University",0,25,10.73,9.92333333333333,"2012-10-31","C",5.33333333333333,2,0.333333333333333,1,0,0.333333333333333
"17147-12344","PG","Greivis","","Vasquez","6.633333206176758","3","3500","MIL@BKN","BKN","MIL","O","Ankle","","","Greivis Vasquez",NA,NA,NA,NA,NA,NA,NA,NA,NA,NA,NA,NA,NA,NA,NA,NA,NA,NA,NA,NA,NA,NA,NA,NA,NA,NA,NA,NA,NA,NA,NA,NA,NA,NA,NA,NA,NA,NA,NA,NA,NA,NA,NA,NA,NA,"2012-11-02","F",10,6,3.33333333333333,0.333333333333333,0.666666666666667,0.333333333333333
"17147-43064","PG","Kay","","Felder","6.816666920979817","6","3500","LAC@CLE","CLE","LAC","","","","","Kay Felder","/players/f/feldeka01.html","1","2016-10-29","21-214","CLE","","ORL","W (+6)","0","5:06","1","3",".333","0","1",".000","0","0","","1","0",1,1,0,0,0,"0",2,"1.7","10","complete","Detroit,&nbsp,Michiganus","176lb&nbsp","College:Oakland University","G","5-9",176,2017,2017,"March 29, 1995","Oakland University",1,21,5.1,8.79666666666667,"2012-11-03","C",3,4,0.666666666666667,0.666666666666667,1,0.333333333333333
"17147-9785","SG","James","","Jones","3.8222223917643228","9","3500","LAC@CLE","CLE","LAC","","","","","James Jones",NA,NA,NA,NA,NA,NA,NA,NA,NA,NA,NA,NA,NA,NA,NA,NA,NA,NA,NA,NA,NA,NA,NA,NA,NA,NA,NA,NA,NA,NA,NA,NA,NA,NA,NA,NA,NA,NA,NA,NA,NA,NA,NA,NA,NA,"2012-11-03","C",3,4,0.666666666666667,0.666666666666667,1,0.333333333333333
"17147-12348","SF","Wesley","","Johnson","9.42142813546317","14","3500","LAC@CLE","LAC","CLE","","","","","Wesley Johnson",NA,NA,NA,NA,NA,NA,NA,NA,NA,NA,NA,NA,NA,NA,NA,NA,NA,NA,NA,NA,NA,NA,NA,NA,NA,NA,NA,NA,NA,NA,NA,NA,NA,NA,NA,NA,NA,NA,NA,NA,NA,NA,NA,NA,NA,"2012-10-30","G",0,0,1,0,0,0.333333333333333
"17147-9796","SF","Luc Richard","","Mbah a Moute","11.25789441560444","19","3500","LAC@CLE","LAC","CLE","","","","","Luc Richard Mbah a Moute",NA,NA,NA,NA,NA,NA,NA,NA,NA,NA,NA,NA,NA,NA,NA,NA,NA,NA,NA,NA,NA,NA,NA,NA,NA,NA,NA,NA,NA,NA,NA,NA,NA,NA,NA,NA,NA,NA,NA,NA,NA,NA,NA,NA,NA,"2012-10-30","G",0,0,1,0,0,0.333333333333333
"17147-66117","C","Diamond","","Stone","3.5333334604899087","3","3500","LAC@CLE","LAC","CLE","","","","","Diamond Stone","/players/s/stonedi01.html","1","2016-10-30","19-263","LAC","","UTA","W (+13)","0","2:24","0","0","","0","0","","0","0","","0","1",1,0,0,0,0,"0",0,"0.3","-7","complete","Milwaukee,&nbsp,Wisconsinus","255lb&nbsp","High School:Dominican
  in
  Milwaukee,Wisconsin","C","6-11",255,2017,2017,"February 10, 1997","University of Maryland",1,19,2.4,NA,"2012-10-30","G",0,0,1,0,0,0.333333333333333
"17147-20805","SG","Troy","","Daniels","4.228571483067104","7","3500","ORL@MEM","MEM","ORL","","","","","Troy Daniels","/players/d/danietr01.html","1","2014-03-05","22-233","HOU","@","ORL","W (+12)","0","1:32","0","0","","0","0","","0","0","","0","0",0,0,0,0,0,"0",0,"0","-2","complete","Roanoke,&nbsp,Virginiaus","205lb&nbsp","High School:William Fleming
  in
  Roanoke,Virginia","G","6-4",205,2014,2017,"July 15, 1991","Virginia Commonwealth University",1,22,1.53,9.78666666666666,"2012-11-02","G-F",1.33333333333333,0,0,0,0,0
"17147-9542","PF","Luis","","Scola","11.481249809265137","16","3500","MIL@BKN","BKN","MIL","","","","","Luis Scola",NA,NA,NA,NA,NA,NA,NA,NA,NA,NA,NA,NA,NA,NA,NA,NA,NA,NA,NA,NA,NA,NA,NA,NA,NA,NA,NA,NA,NA,NA,NA,NA,NA,NA,NA,NA,NA,NA,NA,NA,NA,NA,NA,NA,NA,"2012-11-02","F",10,6,3.33333333333333,0.333333333333333,0.666666666666667,0.333333333333333
"17147-20806","SF","Treveon","","Graham","4.040000152587891","5","3500","DAL@CHA","CHA","DAL","","","","","Treveon Graham","/players/g/grahatr01.html","1","2016-11-02","23-004","CHO","","PHI","W (+16)","0","1:19","0","0","","0","0","","0","0","","0","0",0,0,0,0,0,"0",0,"0","-2","complete","","Shoots:Right","College:Virginia Commonwealth University","G","6-6",220,2017,2017,"October 29, 1993","Virginia Commonwealth University",1,23,1.32,NA,"2012-10-31","G",9.66666666666667,2.66666666666667,3.66666666666667,1,1,0.333333333333333
"17147-9547","SF","Mike","","Dunleavy","8.12857164655413","14","3500","LAC@CLE","CLE","LAC","","","","","Mike Dunleavy",NA,NA,NA,NA,NA,NA,NA,NA,NA,NA,NA,NA,NA,NA,NA,NA,NA,NA,NA,NA,NA,NA,NA,NA,NA,NA,NA,NA,NA,NA,NA,NA,NA,NA,NA,NA,NA,NA,NA,NA,NA,NA,NA,NA,NA,"2012-11-03","C",3,4,0.666666666666667,0.666666666666667,1,0.333333333333333
"17147-55376","SF","Damjan","","Rudez","3.5799999237060547","10","3500","ORL@MEM","ORL","MEM","","","","","Damjan Rudez","/players/r/rudezda01.html","1","2014-10-29","28-134","IND","","PHI","W (+12)","0","14:49","0","2",".000","0","2",".000","0","0","","0","0",0,0,0,0,0,"1",0,"-1.8","-4","complete","","Shoots:Right","NBA Debut:October 29, 2014","F","6-10",228,2015,2017,"June 17, 1986","",1,28,14.82,16.57,"2012-11-02","C",4,4,0.666666666666667,1.66666666666667,1.33333333333333,1.33333333333333
"17147-66129","PF","Deyonta","","Davis","5.850000108991351","14","3500","ORL@MEM","MEM","ORL","","","","","Deyonta Davis","/players/d/davisde01.html","1","2016-10-26","19-329","MEM","","MIN","W (+4)","0","5:39","0","0","","0","0","","0","0","","0","2",2,0,0,1,0,"2",0,"0.5","7","complete","","Shoots:Right","College:Michigan State University","F-C","6-11",237,2017,2017,"December 2, 1996","Michigan State University",1,19,5.65,9.22666666666666,"2012-11-02","G-F",1.33333333333333,0,0,0,0,0
"17147-9553","C","Roy","","Hibbert","12.169230534480167","13","3500","DAL@CHA","CHA","DAL","","","","","Roy Hibbert",NA,NA,NA,NA,NA,NA,NA,NA,NA,NA,NA,NA,NA,NA,NA,NA,NA,NA,NA,NA,NA,NA,NA,NA,NA,NA,NA,NA,NA,NA,NA,NA,NA,NA,NA,NA,NA,NA,NA,NA,NA,NA,NA,NA,NA,"2012-10-31","G",9.66666666666667,2.66666666666667,3.66666666666667,1,1,0.333333333333333
"17147-15955","PF","James Michael","","McAdoo","2.971428462437221","7","3500","HOU@GS","GS","HOU","","","","","James Michael McAdoo","/players/m/mcadoja01.html","1","2015-01-19","22-015","GSW","","DEN","W (+43)","0","12:37","4","5",".800","0","0","","3","5",".600","2","3",5,0,0,1,0,"2",11,"10.5","15","complete","Norfolk,&nbsp,Virginiaus","230lb&nbsp","High School:Norfolk Christian
  in
  Norfolk,Virginia","F","6-9",230,2015,2017,"January 4, 1993","University of North Carolina",1,22,12.62,2.30666666666667,"2012-10-31","F",0,1.33333333333333,0,0,1.66666666666667,0
"17147-17747","SG","Ian","","Clark","10.093332926432291","15","3500","HOU@GS","GS","HOU","","","","","Ian Clark","/players/c/clarkia01.html","1","2013-11-01","22-239","UTA","@","PHO","L (-3)","0","8:32","0","3",".000","0","0","","0","1",".000","1","2",3,0,1,1,1,"1",0,"-0.9","5","complete","","Shoots:Right","College:Belmont University","G","6-3",175,2014,2017,"March 7, 1991","Belmont University",0,22,8.53,12.15,"2012-10-31","F",0,1.33333333333333,0,0,1.66666666666667,0
"17147-59483","PF","Chris","","McCullough","5.662499904632568","8","3500","MIL@BKN","BKN","MIL","","","","","Chris McCullough","/players/m/mcculch01.html","1","2016-02-08","21-003","BRK","","DEN","W (+1)","0","10:49","1","3",".333","0","0","","0","0","","1","1",2,0,1,1,1,"3",2,"0.8","-2","complete","Bronx,&nbsp,New Yorkus","200lb&nbsp","High School:IMG Academy
  in
  Bradenton,Florida","F","6-11",200,2016,2017,"February 5, 1995","Syracuse University",1,21,10.82,9.96,"2012-11-02","F",10,6,3.33333333333333,0.333333333333333,0.666666666666667,0.333333333333333
"17147-16230","SG","Jordan","","McRae","6.55999984741211","10","3500","LAC@CLE","CLE","LAC","","","","","Jordan McRae","/players/m/mcraejo01.html","1","2016-01-29","24-307","PHO","@","NYK","L (-18)","0","25:06","4","9",".444","1","2",".500","3","4",".750","0","2",2,4,1,0,2,"2",12,"8.5","2","complete","","Shoots:Right","College:University of Tennessee","G","6-6",185,2016,2017,"March 28, 1991","University of Tennessee",0,24,25.1,9.99,"2012-11-03","C",3,4,0.666666666666667,0.666666666666667,1,0.333333333333333
"17147-23654","PF","Brice","","Johnson","0","0","3500","LAC@CLE","LAC","CLE","O","Back","","","Brice Johnson",NA,NA,NA,NA,NA,NA,NA,NA,NA,NA,NA,NA,NA,NA,NA,NA,NA,NA,NA,NA,NA,NA,NA,NA,NA,NA,NA,NA,NA,NA,NA,NA,NA,NA,NA,NA,NA,NA,NA,NA,NA,NA,NA,NA,NA,"2012-10-30","G",0,0,1,0,0,0.333333333333333
"17147-15469","PF","Quincy","","Acy","3.433333396911621","6","3500","DAL@CHA","DAL","CHA","","","","","Quincy Acy","/players/a/acyqu01.html","1","2012-11-07","22-032","TOR","@","DAL","L (-5)","0","4:09","0","1",".000","0","0","","0","0","","0","0",0,0,0,0,0,"1",0,"-1.1","-6","complete","","240lb&nbsp","Draft:Toronto Raptors, 2nd round (7th pick, 37th overall),2012 NBA Draft","F","6-7",240,2013,2017,"October 6, 1990","Baylor University",0,22,4.15,6.20333333333334,"2012-11-03","C",7.33333333333333,4.66666666666667,0.666666666666667,0.333333333333333,0.666666666666667,0
"17147-23920","PF","Anthony","","Bennett","9.61999969482422","10","3500","MIL@BKN","BKN","MIL","","","","","Anthony Bennett","/players/b/bennean01.html","1","2013-10-30","20-230","CLE","","BRK","W (+4)","0","14:59","0","5",".000","0","3",".000","2","4",".500","1","4",5,0,0,0,0,"1",2,"-0.8","10","complete","Toronto,&nbsp,Canadaca","245lb&nbsp","High School:Findlay College Prep
  in
  Henderson,Nevada","F","6-8",245,2014,2017,"March 14, 1993","University of Nevada, Las Vegas",1,20,14.98,11.5866666666667,"2012-11-02","F",10,6,3.33333333333333,0.333333333333333,0.666666666666667,0.333333333333333
"17147-74101","PG","Bobby","","Brown","0.5666666825612386","6","3500","HOU@GS","HOU","GS","","","","","Bobby Brown",NA,NA,NA,NA,NA,NA,NA,NA,NA,NA,NA,NA,NA,NA,NA,NA,NA,NA,NA,NA,NA,NA,NA,NA,NA,NA,NA,NA,NA,NA,NA,NA,NA,NA,NA,NA,NA,NA,NA,NA,NA,NA,NA,NA,NA,NA,NA,NA,NA,NA,NA,NA,NA
"17147-9589","PF","Udonis","","Haslem","3.4166666666666665","6","3500","MIA@UTA","MIA","UTA","","","","","Udonis Haslem",NA,NA,NA,NA,NA,NA,NA,NA,NA,NA,NA,NA,NA,NA,NA,NA,NA,NA,NA,NA,NA,NA,NA,NA,NA,NA,NA,NA,NA,NA,NA,NA,NA,NA,NA,NA,NA,NA,NA,NA,NA,NA,NA,NA,NA,"2012-10-31","C",5.33333333333333,2,0.333333333333333,1,0,0.333333333333333
"17147-15736","C","Jeff","","Withey","7.5466664632161455","15","3500","MIA@UTA","UTA","MIA","","","","","Jeff Withey","/players/w/witheje01.html","1","2013-11-01","23-239","NOP","@","ORL","L (-20)","0","4:47","0","0","","0","0","","2","2","1","0","0",0,0,0,0,1,"0",2,"1","1","complete","","Shoots:Right","College:University of Kansas","C","7-0",231,2014,2017,"March 7, 1990","University of Kansas",0,23,4.78,6.71666666666667,"2012-10-30","F",1.66666666666667,0.666666666666667,0.333333333333333,0.666666666666667,0,0
"17147-41082","C","Damian","","Jones","0","0","3500","HOU@GS","GS","HOU","","","","","Damian Jones",NA,NA,NA,NA,NA,NA,NA,NA,NA,NA,NA,NA,NA,NA,NA,NA,NA,NA,NA,NA,NA,NA,NA,NA,NA,NA,NA,NA,NA,NA,NA,NA,NA,NA,NA,NA,NA,NA,NA,NA,NA,NA,NA,NA,NA,"2012-10-31","F",0,1.33333333333333,0,0,1.66666666666667,0
"17147-9605","PG","Ramon","","Sessions","12.705555386013454","18","3500","DAL@CHA","CHA","DAL","","","","","Ramon Sessions",NA,NA,NA,NA,NA,NA,NA,NA,NA,NA,NA,NA,NA,NA,NA,NA,NA,NA,NA,NA,NA,NA,NA,NA,NA,NA,NA,NA,NA,NA,NA,NA,NA,NA,NA,NA,NA,NA,NA,NA,NA,NA,NA,NA,NA,"2012-10-31","G",9.66666666666667,2.66666666666667,3.66666666666667,1,1,0.333333333333333
"17147-9606","SF","Corey","","Brewer","9.149999830457899","18","3500","HOU@GS","HOU","GS","","","","","Corey Brewer",NA,NA,NA,NA,NA,NA,NA,NA,NA,NA,NA,NA,NA,NA,NA,NA,NA,NA,NA,NA,NA,NA,NA,NA,NA,NA,NA,NA,NA,NA,NA,NA,NA,NA,NA,NA,NA,NA,NA,NA,NA,NA,NA,NA,NA,NA,NA,NA,NA,NA,NA,NA,NA
"17147-58505","C","Chinanu","","Onuaku","0","0","3500","HOU@GS","HOU","GS","","","","","Chinanu Onuaku",NA,NA,NA,NA,NA,NA,NA,NA,NA,NA,NA,NA,NA,NA,NA,NA,NA,NA,NA,NA,NA,NA,NA,NA,NA,NA,NA,NA,NA,NA,NA,NA,NA,NA,NA,NA,NA,NA,NA,NA,NA,NA,NA,NA,NA,NA,NA,NA,NA,NA,NA,NA,NA
"17147-23178","SF","Mirza","","Teletovic","10.379999796549479","15","3500","MIL@BKN","MIL","BKN","","","","","Mirza Teletovic","/players/t/teletmi01.html","1","2012-11-05","27-048","BRK","","MIN","L (-11)","0","7:38","2","3",".667","1","2",".500","0","0","","0","0",0,0,1,0,0,"0",5,"4.7","-12","complete","","Shoots:Right","NBA Debut:November 5, 2012","F","6-9",242,2013,2017,"September 18, 1985","",0,27,7.63,10.05,NA,NA,NA,NA,NA,NA,NA,NA
"17147-63123","SG","Mario","","Hezonja","7.558333079020183","12","3500","ORL@MEM","ORL","MEM","","","","","Mario Hezonja","/players/h/hezonma01.html","1","2015-10-28","20-245","ORL","","WAS","L (-1)","0","25:16","4","9",".444","3","5",".600","0","0","","0","3",3,2,0,0,4,"3",11,"3.4","2","complete","215lb&nbsp,(203cm,&nbsp","","Born:February 25,1995in&nbsp;Dubrovnik,&nbsp;Croatiahr","F-G","6-8",215,2016,2017,"February 25, 1995","",0,20,25.27,11.2966666666667,"2012-11-02","C",4,4,0.666666666666667,1.66666666666667,1.33333333333333,1.33333333333333
"17147-23189","PF","Joel","","Bolomboy","3.0142857687813893","7","3500","MIA@UTA","UTA","MIA","","","","","Joel Bolomboy","/players/b/bolomjo01.html","1","2016-10-30","22-276","UTA","@","LAC","L (-13)","0","4:08","1","1","1","0","0","","1","2",".500","0","1",1,1,1,1,0,"0",3,"5","7","complete","","Shoots:Right","College:Weber State University","F","6-9",235,2017,2017,"January 28, 1994","Weber State University",0,22,4.13,1.45,"2012-10-30","F",1.66666666666667,0.666666666666667,0.333333333333333,0.666666666666667,0,0
"17147-15767","PF","Kyle","","Wiltjer","0.13333333532015482","3","3500","HOU@GS","HOU","GS","","","","","Kyle Wiltjer","/players/w/wiltjky01.html","1","2016-10-28","24-008","HOU","@","DAL","W (+8)","0","1:00","0","0","","0","0","","0","0","","0","0",0,0,0,0,0,"1",0,"-0.4","-4","complete","","Shoots:Right","College:Gonzaga University","F","6-10",240,2017,2017,"October 20, 1992","Gonzaga University",1,24,1,NA,NA,NA,NA,NA,NA,NA,NA,NA
"17147-66966","C","Stephen","","Zimmerman Jr.","4.150000095367432","2","3500","ORL@MEM","ORL","MEM","","","","","Stephen Zimmerman Jr.",NA,NA,NA,NA,NA,NA,NA,NA,NA,NA,NA,NA,NA,NA,NA,NA,NA,NA,NA,NA,NA,NA,NA,NA,NA,NA,NA,NA,NA,NA,NA,NA,NA,NA,NA,NA,NA,NA,NA,NA,NA,NA,NA,NA,NA,"2012-11-02","C",4,4,0.666666666666667,1.66666666666667,1.33333333333333,1.33333333333333
"17147-9629","PF","David","","West","10.194444444444445","18","3500","HOU@GS","GS","HOU","","","","","David West",NA,NA,NA,NA,NA,NA,NA,NA,NA,NA,NA,NA,NA,NA,NA,NA,NA,NA,NA,NA,NA,NA,NA,NA,NA,NA,NA,NA,NA,NA,NA,NA,NA,NA,NA,NA,NA,NA,NA,NA,NA,NA,NA,NA,NA,"2012-10-31","F",0,1.33333333333333,0,0,1.66666666666667,0
"17147-21665","SG","Alan","","Anderson","4.699999809265137","1","3500","LAC@CLE","LAC","CLE","","","","","Alan Anderson",NA,NA,NA,NA,NA,NA,NA,NA,NA,NA,NA,NA,NA,NA,NA,NA,NA,NA,NA,NA,NA,NA,NA,NA,NA,NA,NA,NA,NA,NA,NA,NA,NA,NA,NA,NA,NA,NA,NA,NA,NA,NA,NA,NA,NA,"2012-10-30","G",0,0,1,0,0,0.333333333333333
"17147-70820","PF","Thon","","Maker","4.520000076293945","5","3500","MIL@BKN","MIL","BKN","","","","","Thon Maker","/players/m/makerth01.html","1","2016-10-30","19-248","MIL","@","DET","L (-15)","0","1:35","0","0","","0","0","","0","0","","0","1",1,0,0,0,0,"0",0,"0.3","0","complete","","216lb&nbsp","Recruiting Rank:2016&nbsp;(37)","F","7-1",216,2017,2017,"February 25, 1997","",0,19,1.58,3.80333333333333,NA,NA,NA,NA,NA,NA,NA,NA
"17147-9895","SF","Steve","","Novak","0.6000000238418579","2","3500","MIL@BKN","MIL","BKN","","","","","Steve Novak",NA,NA,NA,NA,NA,NA,NA,NA,NA,NA,NA,NA,NA,NA,NA,NA,NA,NA,NA,NA,NA,NA,NA,NA,NA,NA,NA,NA,NA,NA,NA,NA,NA,NA,NA,NA,NA,NA,NA,NA,NA,NA,NA,NA,NA,NA,NA,NA,NA,NA,NA,NA,NA
"17147-42664","SG","Aaron","","Harrison","1.600000023841858","4","3500","DAL@CHA","CHA","DAL","","","","","Aaron Harrison","/players/h/harriaa01.html","1","2015-11-20","21-023","CHO","","PHI","W (+25)","0","2:22","0","0","","0","0","","0","0","","0","1",1,0,0,0,0,"0",0,"0.3","7","complete","San Antonio,&nbsp,Texasus","210lb&nbsp","College:University of Kentucky","G","6-6",210,2016,2017,"October 28, 1994","University of Kentucky",1,21,2.37,5.58333333333333,"2012-10-31","G",9.66666666666667,2.66666666666667,3.66666666666667,1,1,0.333333333333333
"17147-9643","PG","Shaun","","Livingston","9.827777438693577","18","3500","HOU@GS","GS","HOU","","","","","Shaun Livingston",NA,NA,NA,NA,NA,NA,NA,NA,NA,NA,NA,NA,NA,NA,NA,NA,NA,NA,NA,NA,NA,NA,NA,NA,NA,NA,NA,NA,NA,NA,NA,NA,NA,NA,NA,NA,NA,NA,NA,NA,NA,NA,NA,NA,NA,"2012-10-31","F",0,1.33333333333333,0,0,1.66666666666667,0
"17147-15532","SG","K.J.","","McDaniels","8.200000127156576","12","3500","HOU@GS","HOU","GS","","","","","K.J. McDaniels","/players/m/mcdankj01.html","1","2014-10-29","21-262","PHI","@","IND","L (-12)","0","19:42","1","5",".200","0","1",".000","0","2",".000","1","1",2,1,1,1,1,"1",2,"0.1","-15","complete","Mobile,&nbsp,Alabamaus","205lb&nbsp","High School:Central Park Christian School
  in
  Birmingham,Alabama","G-F","6-6",205,2015,2017,"February 9, 1993","Clemson University",0,21,19.7,20.3833333333333,NA,NA,NA,NA,NA,NA,NA,NA
"17147-9648","SF","Jeff","","Green","14","17","3500","ORL@MEM","ORL","MEM","","","","","Jeff Green",NA,NA,NA,NA,NA,NA,NA,NA,NA,NA,NA,NA,NA,NA,NA,NA,NA,NA,NA,NA,NA,NA,NA,NA,NA,NA,NA,NA,NA,NA,NA,NA,NA,NA,NA,NA,NA,NA,NA,NA,NA,NA,NA,NA,NA,"2012-11-02","C",4,4,0.666666666666667,1.66666666666667,1.33333333333333,1.33333333333333
"17147-14515","SG","Iman","","Shumpert","13.659999593098958","15","3500","LAC@CLE","CLE","LAC","","","","","Iman Shumpert",NA,NA,NA,NA,NA,NA,NA,NA,NA,NA,NA,NA,NA,NA,NA,NA,NA,NA,NA,NA,NA,NA,NA,NA,NA,NA,NA,NA,NA,NA,NA,NA,NA,NA,NA,NA,NA,NA,NA,NA,NA,NA,NA,NA,NA,"2012-11-03","C",3,4,0.666666666666667,0.666666666666667,1,0.333333333333333
"17147-59318","SF","Joe","","Ingles","9.521052310341283","19","3500","MIA@UTA","UTA","MIA","","","","","Joe Ingles","/players/i/inglejo01.html","1","2014-10-29","27-027","UTA","","HOU","L (-11)","0","4:10","0","1",".000","0","1",".000","0","0","","0","0",0,0,0,0,0,"0",0,"-0.7","0","complete","","Shoots:Left","High School:Lake Ginninderra
  in
  Canberra,
  
    Australia","F-G","6-8",226,2015,2017,"October 2, 1987","",0,27,4.17,12.0166666666667,"2012-10-30","F",1.66666666666667,0.666666666666667,0.333333333333333,0.666666666666667,0,0
"17147-9659","PF","Brandon","","Bass","6.2909088134765625","11","3500","LAC@CLE","LAC","CLE","","","","","Brandon Bass",NA,NA,NA,NA,NA,NA,NA,NA,NA,NA,NA,NA,NA,NA,NA,NA,NA,NA,NA,NA,NA,NA,NA,NA,NA,NA,NA,NA,NA,NA,NA,NA,NA,NA,NA,NA,NA,NA,NA,NA,NA,NA,NA,NA,NA,"2012-10-30","G",0,0,1,0,0,0.333333333333333
"17147-42689","PG","Tyler","","Ennis","5.976922842172476","13","3500","HOU@GS","HOU","GS","","","","","Tyler Ennis","/players/e/ennisty01.html","1","2014-10-29","20-066","PHO","","LAL","W (+20)","0","12:30","1","2",".500","0","0","","0","0","","0","0",0,3,0,1,3,"1",2,"0.4","-6","complete","Brampton,&nbsp,Canadaca","194lb&nbsp","High School:Saint Benedict's Preparatory School
  in
  Newark,New Jersey","G","6-3",194,2015,2017,"August 24, 1994","Syracuse University",1,20,12.5,7.51,NA,NA,NA,NA,NA,NA,NA,NA
"17147-14533","PG","Shelvin","","Mack","12.778947529039884","19","3500","MIA@UTA","UTA","MIA","","","","","Shelvin Mack",NA,NA,NA,NA,NA,NA,NA,NA,NA,NA,NA,NA,NA,NA,NA,NA,NA,NA,NA,NA,NA,NA,NA,NA,NA,NA,NA,NA,NA,NA,NA,NA,NA,NA,NA,NA,NA,NA,NA,NA,NA,NA,NA,NA,NA,"2012-10-30","F",1.66666666666667,0.666666666666667,0.333333333333333,0.666666666666667,0,0
"17147-9671","PF","Marreese","","Speights","16.305262515419408","19","3500","LAC@CLE","LAC","CLE","","","","","Marreese Speights",NA,NA,NA,NA,NA,NA,NA,NA,NA,NA,NA,NA,NA,NA,NA,NA,NA,NA,NA,NA,NA,NA,NA,NA,NA,NA,NA,NA,NA,NA,NA,NA,NA,NA,NA,NA,NA,NA,NA,NA,NA,NA,NA,NA,NA,"2012-10-30","G",0,0,1,0,0,0.333333333333333
"17147-23757","PG","Brian","","Roberts","2.9600000381469727","5","3500","DAL@CHA","CHA","DAL","","","","","Brian Roberts","/players/r/roberbr01.html","1","2012-10-31","26-333","NOH","","SAS","L (-4)","0","0:09","0","0","","0","0","","0","0","","0","0",0,0,0,0,0,"0",0,"0","-3","complete","Toledo,&nbsp,Ohious","173lb&nbsp","High School:Saint John's
  in
  Toledo,Ohio","G","6-1",173,2013,2017,"December 3, 1985","University of Dayton",0,26,0.15,9.75666666666667,"2012-10-31","G",9.66666666666667,2.66666666666667,3.66666666666667,1,1,0.333333333333333
"17147-9935","C","Brandan","","Wright","14.466667175292969","12","3500","ORL@MEM","MEM","ORL","O","Ankle","","","Brandan Wright",NA,NA,NA,NA,NA,NA,NA,NA,NA,NA,NA,NA,NA,NA,NA,NA,NA,NA,NA,NA,NA,NA,NA,NA,NA,NA,NA,NA,NA,NA,NA,NA,NA,NA,NA,NA,NA,NA,NA,NA,NA,NA,NA,NA,NA,"2012-11-02","G-F",1.33333333333333,0,0,0,0,0
"17147-58576","PF","Kevon","","Looney","8.8","15","3500","HOU@GS","GS","HOU","","","","","Kevon Looney","/players/l/looneke01.html","1","2016-01-27","19-355","GSW","","DAL","W (+20)","0","5:59","1","1","1","0","0","","0","0","","0","2",2,0,0,0,0,"1",2,"1.9","-1","complete","","Shoots:Right","College:University of California, Los Angeles","F","6-9",220,2016,2017,"February 6, 1996","University of California, Los Angeles",1,19,5.98,4.19666666666667,"2012-10-31","F",0,1.33333333333333,0,0,1.66666666666667,0
"17147-14552","SG","DeAndre","","Liggins","4.909999847412109","10","3500","LAC@CLE","CLE","LAC","","","","","DeAndre Liggins",NA,NA,NA,NA,NA,NA,NA,NA,NA,NA,NA,NA,NA,NA,NA,NA,NA,NA,NA,NA,NA,NA,NA,NA,NA,NA,NA,NA,NA,NA,NA,NA,NA,NA,NA,NA,NA,NA,NA,NA,NA,NA,NA,NA,NA,"2012-11-03","C",3,4,0.666666666666667,0.666666666666667,1,0.333333333333333
"17147-42202","PF","Christian","","Wood","2.4000000953674316","1","3500","DAL@CHA","CHA","DAL","","","","","Christian Wood","/players/w/woodch01.html","1","2015-10-28","20-031","PHI","@","BOS","L (-17)","0","5:36","0","2",".000","0","0","","0","0","","2","0",2,0,0,0,0,"0",0,"0","-12","complete","Long Beach,&nbsp,Californiaus","220lb&nbsp","High School:Findlay College Prep
  in
  Henderson,Nevada","F","6-11",220,2016,2017,"September 27, 1995","University of Nevada, Las Vegas",0,20,5.6,3.76666666666667,"2012-10-31","G",9.66666666666667,2.66666666666667,3.66666666666667,1,1,0.333333333333333
"17147-23772","PG","Yogi","","Ferrell","9.544444613986546","9","3500","MIL@BKN","BKN","MIL","","","","","Yogi Ferrell","/players/f/ferreyo01.html","1","2016-11-09","23-184","BRK","@","NYK","L (-14)","0","14:02","2","3",".667","1","1","1","0","0","","0","1",1,3,1,0,3,"0",5,"4.1","-5","complete","180lb&nbsp,(183cm,&nbsp","","Born:May 9,1993in&nbsp;Indianapolis,&nbsp;Indianaus","G","6-0",180,2017,2017,"May 9, 1993","Indiana University",0,23,14.03,18.96,"2012-11-02","F",10,6,3.33333333333333,0.333333333333333,0.666666666666667,0.333333333333333
"17147-23776","PF","Montrezl","","Harrell","10.277777777777779","9","3500","HOU@GS","HOU","GS","","","","","Montrezl Harrell","/players/h/harremo01.html","1","2015-10-28","21-275","HOU","","DEN","L (-20)","0","15:50","4","4","1","0","0","","0","0","","1","2",3,1,0,0,0,"4",8,"7.2","2","complete","","Shoots:Right","College:University of Louisville","F","6-8",240,2016,2017,"January 26, 1994","University of Louisville",0,21,15.83,15.3633333333333,NA,NA,NA,NA,NA,NA,NA,NA
"17147-9447","SF","Joe","","Johnson","16.38947336297286","19","3500","MIA@UTA","UTA","MIA","","","","","Joe Johnson",NA,NA,NA,NA,NA,NA,NA,NA,NA,NA,NA,NA,NA,NA,NA,NA,NA,NA,NA,NA,NA,NA,NA,NA,NA,NA,NA,NA,NA,NA,NA,NA,NA,NA,NA,NA,NA,NA,NA,NA,NA,NA,NA,NA,NA,"2012-10-30","F",1.66666666666667,0.666666666666667,0.333333333333333,0.666666666666667,0,0
"17147-15591","C","Miles","","Plumlee","8.056249618530273","16","3500","MIL@BKN","MIL","BKN","","","","","Miles Plumlee","/players/p/plumlmi01.html","1","2012-11-05","24-065","IND","@","SAS","L (-22)","0","3:50","1","2",".500","0","0","","0","0","","1","0",1,0,0,1,0,"0",2,"2.4","-1","complete","Fort Wayne,&nbsp,Indianaus","249lb&nbsp","College:Duke University","C-F","6-11",249,2013,2017,"September 1, 1988","Duke University",0,24,3.83,3.96666666666667,NA,NA,NA,NA,NA,NA,NA,NA
"17147-23273","C","A.J.","","Hammons","3.6571429116385326","7","3500","DAL@CHA","DAL","CHA","","","","","A.J. Hammons","/players/h/hammoaj01.html","1","2016-10-28","24-062","DAL","","HOU","L (-8)","0","1:26","0","0","","0","0","","0","0","","0","0",0,1,0,0,0,"0",0,"0.7","6","complete","Gary,&nbsp,Indianaus","260lb&nbsp","High School:Oak Hill Academy
  in
  Mouth of Wilson,Virginia","C","7-0",260,2017,2017,"August 27, 1992","Purdue University",0,24,1.43,3.33333333333333,"2012-11-03","C",7.33333333333333,4.66666666666667,0.666666666666667,0.333333333333333,0.666666666666667,0
"17147-9706","SF","Richard","","Jefferson","9.243749618530273","16","3500","LAC@CLE","CLE","LAC","","","","","Richard Jefferson",NA,NA,NA,NA,NA,NA,NA,NA,NA,NA,NA,NA,NA,NA,NA,NA,NA,NA,NA,NA,NA,NA,NA,NA,NA,NA,NA,NA,NA,NA,NA,NA,NA,NA,NA,NA,NA,NA,NA,NA,NA,NA,NA,NA,NA,"2012-11-03","C",3,4,0.666666666666667,0.666666666666667,1,0.333333333333333
"17147-9968","SG","Jodie","","Meeks","10.5","3","3500","ORL@MEM","ORL","MEM","GTD","Foot","","","Jodie Meeks",NA,NA,NA,NA,NA,NA,NA,NA,NA,NA,NA,NA,NA,NA,NA,NA,NA,NA,NA,NA,NA,NA,NA,NA,NA,NA,NA,NA,NA,NA,NA,NA,NA,NA,NA,NA,NA,NA,NA,NA,NA,NA,NA,NA,NA,"2012-11-02","C",4,4,0.666666666666667,1.66666666666667,1.33333333333333,1.33333333333333
"17147-9459","SF","Paul","","Pierce","7.366666793823242","3","3500","LAC@CLE","LAC","CLE","","","","","Paul Pierce",NA,NA,NA,NA,NA,NA,NA,NA,NA,NA,NA,NA,NA,NA,NA,NA,NA,NA,NA,NA,NA,NA,NA,NA,NA,NA,NA,NA,NA,NA,NA,NA,NA,NA,NA,NA,NA,NA,NA,NA,NA,NA,NA,NA,NA,"2012-10-30","G",0,0,1,0,0,0.333333333333333
"17147-23798","SF","Caris","","LeVert","0","0","3500","MIL@BKN","BKN","MIL","O","Foot","","","Caris LeVert",NA,NA,NA,NA,NA,NA,NA,NA,NA,NA,NA,NA,NA,NA,NA,NA,NA,NA,NA,NA,NA,NA,NA,NA,NA,NA,NA,NA,NA,NA,NA,NA,NA,NA,NA,NA,NA,NA,NA,NA,NA,NA,NA,NA,NA,"2012-11-02","F",10,6,3.33333333333333,0.333333333333333,0.666666666666667,0.333333333333333
"17147-16376","SF","Dorian","","Finney-Smith","8.339999898274739","15","3500","DAL@CHA","DAL","CHA","","","","","Dorian Finney-Smith","/players/f/finnedo01.html","1","2016-10-26","23-175","DAL","@","IND","L (-9)","0","0:27","0","0","","0","0","","0","0","","0","1",1,0,0,0,0,"0",0,"0.3","-2","complete","","Shoots:Right","College:University of Florida","F","6-8",220,2017,2017,"May 4, 1993","University of Florida",0,23,0.45,1.27666666666667,"2012-11-03","C",7.33333333333333,4.66666666666667,0.666666666666667,0.333333333333333,0.666666666666667,0
"17147-42488","PF","Arinze","","Onuaku","1.7333332697550456","3","3500","ORL@MEM","ORL","MEM","","","","","Arinze Onuaku","/players/o/onuakar01.html","1","2013-10-30","26-109","NOP","","IND","L (-5)","0","15:25","1","3",".333","0","0","","0","0","","1","4",5,3,0,0,1,"3",2,"2.1","0","complete","","Shoots:Right","Relatives: Brother&nbsp;Chinanu&nbsp;Onuaku","C","6-9",255,2014,2017,"July 13, 1987","Syracuse University",0,26,15.42,3.61666666666666,"2012-11-02","C",4,4,0.666666666666667,1.66666666666667,1.33333333333333,1.33333333333333
"17147-9465","PG","Raymond","","Felton","10.010526155170641","19","3500","LAC@CLE","LAC","CLE","","","","","Raymond Felton",NA,NA,NA,NA,NA,NA,NA,NA,NA,NA,NA,NA,NA,NA,NA,NA,NA,NA,NA,NA,NA,NA,NA,NA,NA,NA,NA,NA,NA,NA,NA,NA,NA,NA,NA,NA,NA,NA,NA,NA,NA,NA,NA,NA,NA,"2012-10-30","G",0,0,1,0,0,0.333333333333333
"17147-9471","PF","Boris","","Diaw","8.11999969482422","10","3500","MIA@UTA","UTA","MIA","","","","","Boris Diaw",NA,NA,NA,NA,NA,NA,NA,NA,NA,NA,NA,NA,NA,NA,NA,NA,NA,NA,NA,NA,NA,NA,NA,NA,NA,NA,NA,NA,NA,NA,NA,NA,NA,NA,NA,NA,NA,NA,NA,NA,NA,NA,NA,NA,NA,"2012-10-30","F",1.66666666666667,0.666666666666667,0.333333333333333,0.666666666666667,0,0
